Workbook
Name 切片器_LEL: #N/A
Name 切片器_LEL1: #N/A
Name 切片器_LEL2: #N/A
Name 切片器_LEL3: #N/A
Name 切片器_产品品规: #N/A
Name 切片器_核心医院: #N/A
Name 切片器_医院分层: #N/A
Name 切片器_医院分层1: #N/A
Name 切片器_医院分层11: #N/A
Name 切片器_医院分层2: #N/A

Sheet 业绩
L2: 当月SU
K3: 江西一圈Herceptin IV | L3: 37
A4: 行标签 | B4: 求和项:26Q1TV | C4: 求和项:26Q1SV | D4: 求和项:Q1达成 | E4: 求和项:Q1渗透率 | K4: 江西一圈Herceptin SC | L4: 39
A5: 策略 | B5: 57240776 | C5: 62889952 | D5: 1.0986915 | E5: 0.49690648 | K5: 江西一圈Itovebi 3mg | L5: 5
A6: Itovebi | B6: 2148872.7 | C6: 4425427.6 | D6: 2.0594182 | E6: #DIV/0! | K6: 江西一圈Itovebi 9mg | L6: 4
A7: Phesgo | B7: 55091903 | C7: 58464525 | D7: 1.0612181 | E7: 0.49690648 | K7: 江西一圈Perjeta | L7: 3
A8: 成熟 | B8: 54229016 | C8: 53417284 | D8: 0.98503141 | E8: #DIV/0! | K8: 江西一圈Phesgo 10ml | L8: 147
A9: Herceptin IV | B9: 16724355 | C9: 15747256 | D9: 0.94157627 | E9: #DIV/0! | K9: 江西一圈Phesgo 15ml | L9: 6
A10: Herceptin SC | B10: 16757833 | C10: 14356634 | D10: 0.85671188 | E10: #DIV/0! | K10: 林丽贞Herceptin IV | L10: 120
A11: Perjeta | B11: 20746828 | C11: 23313393 | D11: 1.1237088 | E11: #DIV/0! | K11: 林丽贞Herceptin SC | L11: 29
A12: 总计 | B12: 1.1146979e+08 | C12: 1.1630724e+08 | D12: 1.0433969 | E12: 0.49690648 | K12: 林丽贞Itovebi 3mg | L12: 4
K13: 林丽贞Itovebi 9mg | L13: 5
K14: 林丽贞Perjeta | L14: 134
K15: 林丽贞Phesgo 10ml | L15: 152
A16: 行标签 | B16: 求和项:26Q1TV | C16: 求和项:26Q1SV | D16: 求和项:Q1达成 | E16: 求和项:Q1渗透率 | K16: 林丽贞Phesgo 15ml | L16: 8
A17: 江西一圈 | B17: 11480073 | C17: 12782342 | D17: 1.1134374 | E17: 0.50839092 | K17: 周小英Herceptin IV | L17: 131
A18: 策略 | B18: 7079143.1 | C18: 9742046.6 | D18: 1.3761618 | E18: 0.50839092 | K18: 周小英Herceptin SC | L18: 386
A19: 成熟 | B19: 4400929.6 | C19: 3040295.4 | D19: 0.69083028 | E19: #DIV/0! | K19: 周小英Itovebi 3mg | L19: 14
A20: 林丽贞 | B20: 16144653 | C20: 17054545 | D20: 1.0563587 | E20: 0.33670482 | K20: 周小英Itovebi 9mg | L20: 7
A21: 策略 | B21: 8694026.2 | C21: 8018690.5 | D21: 0.92232187 | E21: 0.33670482 | K21: 周小英Perjeta | L21: 297
A22: 成熟 | B22: 7450627.2 | C22: 9035854.4 | D22: 1.2127643 | E22: #DIV/0! | K22: 周小英Phesgo 10ml | L22: 214
A23: 唐晓玉 | B23: 9085236.4 | C23: 8969998.4 | D23: 0.9873159 | E23: 0.33409524 | K23: 周小英Phesgo 15ml | L23: 3
A24: 策略 | B24: 3415337.6 | C24: 5638056.5 | D24: 1.650805 | E24: 0.33409524 | K24: 唐晓玉Herceptin IV | L24: 27
A25: 成熟 | B25: 5669898.8 | C25: 3331941.9 | D25: 0.58765457 | E25: #DIV/0! | K25: 唐晓玉Herceptin SC | L25: 38
A26: 许辉容 | B26: 17468184 | C26: 14629352 | D26: 0.83748558 | E26: 0.34956347 | K26: 唐晓玉Itovebi 3mg | L26: 3
A27: 策略 | B27: 7952534.6 | C27: 6829535.8 | D27: 0.85878731 | E27: 0.34956347 | K27: 唐晓玉Itovebi 9mg | L27: 11
A28: 成熟 | B28: 9515649.8 | C28: 7799816.7 | D28: 0.81968304 | E28: #DIV/0! | K28: 唐晓玉Perjeta | L28: 25
A29: 钟明珠 | B29: 22251589 | C29: 21843880 | D29: 0.98167734 | E29: 0.63282863 | K29: 唐晓玉Phesgo 10ml | L29: 112
A30: 策略 | B30: 11130936 | C30: 12074585 | D30: 1.0847771 | E30: 0.63282863 | K30: 唐晓玉Phesgo 15ml | L30: 3
A31: 成熟 | B31: 11120653 | C31: 9769295.6 | D31: 0.87848221 | E31: #DIV/0! | K31: 许辉容Herceptin IV | L31: 196
A32: 周小英 | B32: 35040056 | C32: 38977201 | D32: 1.1123612 | E32: 0.71825024 | K32: 许辉容Herceptin SC | L32: 65
A33: 策略 | B33: 18968799 | C33: 19862101 | D33: 1.0470932 | E33: 0.71825024 | K33: 许辉容Itovebi 3mg | L33: 10
A34: 成熟 | B34: 16071257 | C34: 19115100 | D34: 1.1893967 | E34: #DIV/0! | K34: 许辉容Itovebi 9mg | L34: 2
A35: 总计 | B35: 1.1146979e+08 | C35: 1.1425732e+08 | D35: 1.025007 | E35: 0.49194662 | K35: 许辉容Perjeta | L35: 82
K36: 许辉容Phesgo 10ml | L36: 111
K37: 许辉容Phesgo 15ml | L37: 12
K38: 钟明珠Herceptin IV | L38: 108
K39: 钟明珠Herceptin SC | L39: 138
K40: 钟明珠Itovebi 3mg | L40: 31
K41: 钟明珠Itovebi 9mg | L41: 31
K42: 钟明珠Perjeta | L42: 71
K43: 钟明珠Phesgo 10ml | L43: 133
K44: 钟明珠Phesgo 15ml | L44: 9
K45: (空白)Herceptin IV | L45: 43
K46: (空白)Herceptin SC | L46: 6
K47: (空白)Itovebi 3mg | L47: 2
... K51: (空白)Phesgo 15ml | L51: 0

Sheet DDI
B1: 时间进度 | C1: =大妥进度!Q1/大妥进度!R1 -> 0.85714286 | M1: 截止27日 | N1: 截止27日 | Q1: landing | X1: =X3+Z3 -> 5905378 | Y1: =X1/V3 -> 0.87341419 | AB1: Q2-月 | AN1: 季度
A2: Link | B2: LEL姓名 | C2: 产品品规 | D2: 考核价 | E2: 2604TU | F2: 2604SU | G2: 2604DDI | H2: 预估达成 | I2: DDI达成 | J2: 完成预估进度 | K2: GAP | L2: 27日SU | M2: DDI达成 | N2: GAP | O2: 当天 | P2: 28-30SU | Q2: DDI达成 | R2: GAP | S2: 28日 | T2: 29日 | U2: 30日 | V2: 2604TV | W2: 2604SV | X2: 2604DDI | Y2: 当天SV | Z2: 28-30SV | AB2: 产品 | AC2: (全部) | AN2: 产品 | AO2: (全部) | BD2: 当月SU
B3: 江西省 | C3: 全产品 | E3: =SUM(E16,E29) -> 0 | F3: =SUM(F16,F29) -> 0 | G3: =SUM(G16,G29) -> 0 | H3: =IFERROR(W3/V3,"") -> 0.96001265 | I3: =IFERROR(X3/V3,"") -> 0.87341419 | J3: =IFERROR(X3/W3,"") -> 0.90979446 | K3: =(X3-W3)/10000 -> -58.551447 | L3: =Y3/10000 -> 122.1568 | M3: =IFERROR((X3+Y3)/V3,"") -> 1.0540859 | N3: =K3+L3 -> 63.605354 | O3: =SUM(O16,O29) -> 0 | P3: =SUM(P16,P29) -> 0 | Q3: =IFERROR((X3+Z3)/V3,"") -> 0.87341419 | R3: =K3+P3 -> -58.551447 | S3: =SUM(S16,S29) -> 0 | T3: =SUM(T16,T29) -> 0 | U3: =SUM(U16,U29) -> 0 | V3: =SUM(V16,V29) -> 6761257.2 | W3: =SUM(W16,W29) -> 6490892.5 | X3: =SUM(X16,X29) -> 5905378 | Y3: =SUM(Y16,Y29) -> 1221568 | Z3: =SUM(Z16,Z29) -> 0 | AV3: 产品分类 | AW3: 策略 | BC3: 江西一圈Herceptin IV | BD3: 61
C4: 策略 | E4: =SUM(E17,E30) -> 0 | F4: =SUM(F17,F30) -> 0 | G4: =SUM(G17,G30) -> 0 | H4: =IFERROR(W4/V4,"") -> 1.2250167 | I4: =IFERROR(X4/V4,"") -> 1.0499781 | J4: =IFERROR(X4/W4,"") -> 0.85711327 | K4: =(X4-W4)/10000 -> -67.664989 | L4: =Y4/10000 -> 100.08617 | M4: =IFERROR((X4+Y4)/V4,"") -> 1.3088852 | N4: =K4+L4 -> 32.421184 | O4: =SUM(O17,O30) -> 0 | P4: =SUM(P17,P30) -> 0 | Q4: =IFERROR((X4+Z4)/V4,"") -> 1.0499781 | R4: =K4+P4 -> -67.664989 | S4: =SUM(S17,S30) -> 0 | T4: =SUM(T17,T30) -> 0 | U4: =SUM(U17,U30) -> 0 | V4: =SUM(V17,V30) -> 3865717.4 | W4: =SUM(W17,W30) -> 4735568.5 | X4: =SUM(X17,X30) -> 4058918.7 | Y4: =SUM(Y17,Y30) -> 1000861.7 | Z4: =SUM(Z17,Z30) -> 0 | AC4: 列标签 | AO4: 列标签 | AV4: 产品 | AW4: (全部) | BC4: 江西一圈Herceptin SC | BD4: 88
C5: HF | E5: =SUM(E18,E31) -> 1046.0651 | F5: =SUM(F18,F31) -> 972.75908 | G5: =SUM(G18,G31) -> 912 | H5: =IFERROR(W5/V5,"") -> 1.0123355 | I5: =IFERROR(X5/V5,"") -> 0.92384111 | J5: =IFERROR(X5/W5,"") -> 0.91258392 | K5: =G5-F5 -> -60.759081 | L5: =O5 -> 168 | M5: =IFERROR((X5+Y5)/V5,"") -> 1.1112121 | N5: =K5+L5 -> 107.24092 | O5: =SUM(O18,O31) -> 168 | P5: =SUM(P18,P31) -> 0 | Q5: =IFERROR((X5+Z5)/V5,"") -> 0.92384111 | R5: =K5+P5 -> -60.759081 | S5: =SUM(S18,S31) -> 0 | T5: =SUM(T18,T31) -> 0 | U5: =SUM(U18,U31) -> 0 | V5: =SUM(V18,V31) -> 5433506.9 | W5: =SUM(W18,W31) -> 5500532 | X5: =SUM(X18,X31) -> 5019697 | Y5: =SUM(Y18,Y31) -> 1018081.4 | Z5: =SUM(Z18,Z31) -> 0 | AC5: 4月 | AE5: 5月 | AG5: 6月 | AI5: 4月汇总 | AJ5: 5月汇总 | AK5: 6月汇总 | AO5: 策略 | AQ5: 成熟 | AS5: Q1达成汇总 | AT5: Q2达成汇总 | BC5: 江西一圈Itovebi 3mg | BD5: 6
C6: PF | E6: =SUM(E19,E32) -> 922.16906 | F6: =SUM(F19,F32) -> 913.75908 | G6: =SUM(G19,G32) -> 786 | H6: =IFERROR(W6/V6,"") -> 1.0449367 | I6: =IFERROR(X6/V6,"") -> 0.89648342 | J6: =IFERROR(X6/W6,"") -> 0.85793087 | K6: =G6-F6 -> -127.75908 | L6: =O6 -> 201 | M6: =IFERROR((X6+Y6)/V6,"") -> 1.1279016 | N6: =K6+L6 -> 73.240919 | O6: =SUM(O19,O32) -> 201 | P6: =SUM(P19,P32) -> 0 | Q6: =IFERROR((X6+Z6)/V6,"") -> 0.89648342 | R6: =K6+P6 -> -127.75908 | S6: =SUM(S19,S32) -> 0 | T6: =SUM(T19,T32) -> 0 | U6: =SUM(U19,U32) -> 0 | V6: =SUM(V19,V32) -> 4926838.6 | W6: =SUM(W19,W32) -> 5148234.3 | X6: =SUM(X19,X32) -> 4416829.1 | Y6: =SUM(Y19,Y32) -> 1140160 | Z6: =SUM(Z19,Z32) -> 0 | AB6: 行标签 | AC6: 策略 | AD6: 成熟 | AE6: 策略 | AF6: 成熟 | AG6: 策略 | AH6: 成熟 | AN6: 行标签 | AO6: Q1达成 | AP6: Q2达成 | AQ6: Q1达成 | AR6: Q2达成 | AV6: 行标签 | AW6: Q1达成 | AX6: Q1渗透率 | AY6: Q2达成 | AZ6: Q2渗透率 | BC6: 江西一圈Itovebi 9mg | BD6: 6
C7: P-折算10ml | E7: =SUM(E20,E33) -> 622.50154 | F7: =SUM(F20,F33) -> 737.75908 | G7: =SUM(G20,G33) -> 630 | H7: =IFERROR(W7/V7,"") -> 1.191383 | I7: =IFERROR(X7/V7,"") -> 1.0167802 | J7: =IFERROR(X7/W7,"") -> 0.85344532 | K7: =G7-F7 -> -107.75908 | L7: =O7 -> 158 | M7: =IFERROR((X7+Y7)/V7,"") -> 1.2763362 | N7: =K7+L7 -> 50.240919 | O7: =SUM(O20,O33) -> 158 | P7: =SUM(P20,P33) -> 0 | Q7: =IFERROR((X7+Z7)/V7,"") -> 1.0167802 | R7: =K7+P7 -> -107.75908 | S7: =SUM(S20,S33) -> 0 | T7: =SUM(T20,T33) -> 0 | U7: =SUM(U20,U33) -> 0 | V7: =SUM(V20,V33) -> 3732402.8 | W7: =SUM(W20,W33) -> 4446721.2 | X7: =SUM(X20,X33) -> 3795033.4 | Y7: =SUM(Y20,Y33) -> 968767.58 | Z7: =SUM(Z20,Z33) -> 0 | AB7: 江西一圈 | AC7: 0.77409878 | AD7: 0.46585694 | AE7: 0 | AF7: 0 | AG7: 0 | AH7: 0 | AI7: 0.66914581 | AJ7: 0 | AK7: 0 | AN7: 江西一圈 | AO7: 1.3761618 | AP7: 0.24704077 | AQ7: 0.69083028 | AR7: 0.13804648 | AS7: 1.1134374 | AT7: 0.20809389 | AV7: 江西一圈 | AW7: 1.3761618 | AX7: 0.50839092 | AY7: 0.24704077 | AZ7: 0.10694307 | BC7: 江西一圈Perjeta | BD7: 29
C8: I-折算9mg | E8: =SUM(E21,E34) -> 12.461569 | F8: =SUM(F21,F34) -> 27 | G8: =SUM(G21,G34) -> 24.666667 | H8: =IFERROR(W8/V8,"") -> 2.1666594 | I8: =IFERROR(X8/V8,"") -> 1.9794174 | J8: =IFERROR(X8/W8,"") -> 0.91358031 | K8: =G8-F8 -> -2.3333333 | L8: =O8 -> 3 | M8: =IFERROR((X8+Y8)/V8,"") -> 2.2201573 | N8: =K8+L8 -> 0.66666667 | O8: =SUM(O21,O34) -> 3 | P8: =SUM(P21,P34) -> 0 | Q8: =IFERROR((X8+Z8)/V8,"") -> 1.9794174 | R8: =K8+P8 -> -2.3333333 | S8: =SUM(S21,S34) -> 0 | T8: =SUM(T21,T34) -> 0 | U8: =SUM(U21,U34) -> 0 | V8: =SUM(V21,V34) -> 133314.62 | W8: =SUM(W21,W34) -> 288847.37 | X8: =SUM(X21,X34) -> 263885.27 | Y8: =SUM(Y21,Y34) -> 32094.15 | Z8: =SUM(Z21,Z34) -> 0 | AB8: 冯新华 | AC8: 0.98130051 | AD8: 1.0492806 | AE8: 0 | AF8: 0 | AG8: 0 | AH8: 0 | AI8: 0.99658944 | AJ8: 0 | AK8: 0 | AN8: 冯新华 | AO8: 1.2066126 | AP8: 0.31471048 | AQ8: 0.63117296 | AR8: 0.30752126 | AS8: 1.0543362 | AT8: 0.31297791 | AV8: 冯新华 | AW8: 1.2066126 | AX8: 0.54477612 | AY8: 0.31471048 | AZ8: 0.16268657 | BC8: 江西一圈Phesgo 10ml | BD8: 290
C9: HIV | D9: 4535.5 | E9: =SUM(E22,E35) -> 105.12957 | F9: =SUM(F22,F35) -> 104 | G9: =SUM(G22,G35) -> 128 | H9: =IFERROR(W9/V9,"") -> 0.98925542 | I9: =IFERROR(X9/V9,"") -> 1.2175451 | J9: =IFERROR(X9/W9,"") -> 1.2307692 | K9: =G9-F9 -> 24 | L9: =O9 -> 1 | M9: =IFERROR((X9+Y9)/V9,"") -> 1.2270572 | N9: =K9+L9 -> 25 | O9: =SUM(O22,O35) -> 1 | P9: =SUM(P22,P35) -> 0 | Q9: =IFERROR((X9+Z9)/V9,"") -> 1.2175451 | R9: =K9+P9 -> 24 | S9: =SUM(S22,S35) -> 0 | T9: =SUM(T22,T35) -> 0 | U9: =SUM(U22,U35) -> 0 | V9: =SUM(V22,V35) -> 476815.18 | W9: =SUM(W22,W35) -> 471692 | X9: =SUM(X22,X35) -> 580544 | Y9: =SUM(Y22,Y35) -> 4535.5 | Z9: =SUM(Z22,Z35) -> 0 | AB9: 黄文萍 | AC9: 0.52477989 | AD9: 0.33556769 | AE9: 0 | AF9: 0 | AG9: 0 | AH9: 0 | AI9: 0.44927988 | AJ9: 0 | AK9: 0 | AN9: 黄文萍 | AO9: 1.8387464 | AP9: 0.16700562 | AQ9: 0.38672257 | AR9: 0.098477878 | AS9: 1.1802041 | AT9: 0.13831948 | AV9: 黄文萍 | AW9: 1.8387464 | AX9: 0.70448179 | AY9: 0.16700562 | AZ9: 0.06442577 | BC9: 江西一圈Phesgo 15ml | BD9: 21
C10: HSC | D10: 3444.49 | E10: =SUM(E23,E36) -> 355.434 | F10: =SUM(F23,F36) -> 169 | G10: =SUM(G23,G36) -> 187 | H10: =IFERROR(W10/V10,"") -> 0.47547505 | I10: =IFERROR(X10/V10,"") -> 0.52611736 | J10: =IFERROR(X10/W10,"") -> 1.1065089 | K10: =G10-F10 -> 18 | L10: =O10 -> 13 | M10: =IFERROR((X10+Y10)/V10,"") -> 0.56269236 | N10: =K10+L10 -> 31 | O10: =SUM(O23,O36) -> 13 | P10: =SUM(P23,P36) -> 0 | Q10: =IFERROR((X10+Z10)/V10,"") -> 0.52611736 | R10: =K10+P10 -> 18 | S10: =SUM(S23,S36) -> 0 | T10: =SUM(T23,T36) -> 0 | U10: =SUM(U23,U36) -> 0 | V10: =SUM(V23,V36) -> 1224288.9 | W10: =SUM(W23,W36) -> 582118.81 | X10: =SUM(X23,X36) -> 644119.63 | Y10: =SUM(Y23,Y36) -> 44778.37 | Z10: =SUM(Z23,Z36) -> 0 | AB10: 廖苏亮 | AC10: 0.71888898 | AD10: 0.82818581 | AE10: 0 | AF10: 0 | AG10: 0 | AH10: 0 | AI10: 0.76101608 | AJ10: 0 | AK10: 0 | AN10: 廖苏亮 | AO10: 1.1211728 | AP10: 0.22973616 | AQ10: 0.88710213 | AR10: 0.2532637 | AS10: 1.0269046 | AT10: 0.23905115 | AV10: 廖苏亮 | AW10: 1.1211728 | AX10: 0.44044944 | AY10: 0.22973616 | AZ10: 0.10337079 | BC10: 林丽贞Herceptin IV | BD10: 212
C11: PIV | D11: 3985.87 | E11: =SUM(E24,E37) -> 299.66752 | F11: =SUM(F24,F37) -> 176 | G11: =SUM(G24,G37) -> 156 | H11: =IFERROR(W11/V11,"") -> 0.58731757 | I11: =IFERROR(X11/V11,"") -> 0.52057694 | J11: =IFERROR(X11/W11,"") -> 0.88636364 | K11: =G11-F11 -> -20 | L11: =O11 -> 43 | M11: =IFERROR((X11+Y11)/V11,"") -> 0.6640693 | N11: =K11+L11 -> 23 | O11: =SUM(O24,O37) -> 43 | P11: =SUM(P24,P37) -> 0 | Q11: =IFERROR((X11+Z11)/V11,"") -> 0.52057694 | R11: =K11+P11 -> -20 | S11: =SUM(S24,S37) -> 0 | T11: =SUM(T24,T37) -> 0 | U11: =SUM(U24,U37) -> 0 | V11: =SUM(V24,V37) -> 1194435.8 | W11: =SUM(W24,W37) -> 701513.12 | X11: =SUM(X24,X37) -> 621795.72 | Y11: =SUM(Y24,Y37) -> 171392.41 | Z11: =SUM(Z24,Z37) -> 0 | AB11: 温若华 | AC11: 0.70307652 | AD11: 0.31344711 | AE11: 0 | AF11: 0 | AG11: 0 | AH11: 0 | AI11: 0.54918001 | AJ11: 0 | AK11: 0 | AN11: 温若华 | AO11: 1.0337013 | AP11: 0.22447964 | AQ11: 0.80635442 | AR11: 0.090866526 | AS11: 0.9296054 | AT11: 0.16859268 | AV11: 温若华 | AW11: 1.0337013 | AX11: 0.25817556 | AY11: 0.22447964 | AZ11: 0.065404475 | BC11: 林丽贞Herceptin SC | BD11: 97
C12: P-10ml | D12: 6232.07 | E12: =SUM(E25,E38) -> 548.50145 | F12: =SUM(F25,F38) -> 661.75908 | G12: =SUM(G25,G38) -> 564 | H12: =IFERROR(W12/V12,"") -> 1.2064856 | I12: =IFERROR(X12/V12,"") -> 1.0282562 | J12: =IFERROR(X12/W12,"") -> 0.85227391 | K12: =G12-F12 -> -97.759081 | L12: =O12 -> 150 | M12: =IFERROR((X12+Y12)/V12,"") -> 1.3017285 | N12: =K12+L12 -> 52.240919 | O12: =SUM(O25,O38) -> 150 | P12: =SUM(P25,P38) -> 0 | Q12: =IFERROR((X12+Z12)/V12,"") -> 1.0282562 | R12: =K12+P12 -> -97.759081 | S12: =SUM(S25,S38) -> 0 | T12: =SUM(T25,T38) -> 0 | U12: =SUM(U25,U38) -> 0 | V12: =SUM(V25,V38) -> 3418299.5 | W12: =SUM(W25,W38) -> 4124128.9 | X12: =SUM(X25,X38) -> 3514887.5 | Y12: =SUM(Y25,Y38) -> 934810.5 | Z12: =SUM(Z25,Z38) -> 0 | AB12: 张敏 | AC12: 0.88458196 | AD12: 0.0066351423 | AE12: 0 | AF12: 0 | AG12: 0 | AH12: 0 | AI12: 0.60580253 | AJ12: 0 | AK12: 0 | AN12: 张敏 | AO12: 1.4431278 | AP12: 0.28117598 | AQ12: 0.98260313 | AR12: 0.0019889566 | AS12: 1.2813735 | AT12: 0.18893926 | AV12: 张敏 | AW12: 1.4431278 | AX12: 0.52623211 | AY12: 0.28117598 | AZ12: 0.13672496 | BC12: 林丽贞Itovebi 3mg | BD12: 18
C13: P-15ml | D13: 8489.27 | E13: =SUM(E26,E39) -> 37.000042 | F13: =SUM(F26,F39) -> 38 | G13: =SUM(G26,G39) -> 33 | H13: =IFERROR(W13/V13,"") -> 1.0270258 | I13: =IFERROR(X13/V13,"") -> 0.89189087 | J13: =IFERROR(X13/W13,"") -> 0.86842105 | K13: =G13-F13 -> -5 | L13: =O13 -> 4 | M13: =IFERROR((X13+Y13)/V13,"") -> 0.99999885 | N13: =K13+L13 -> -1 | O13: =SUM(O26,O39) -> 4 | P13: =SUM(P26,P39) -> 0 | Q13: =IFERROR((X13+Z13)/V13,"") -> 0.89189087 | R13: =K13+P13 -> -5 | S13: =SUM(S26,S39) -> 0 | T13: =SUM(T26,T39) -> 0 | U13: =SUM(U26,U39) -> 0 | V13: =SUM(V26,V39) -> 314103.35 | W13: =SUM(W26,W39) -> 322592.26 | X13: =SUM(X26,X39) -> 280145.91 | Y13: =SUM(Y26,Y39) -> 33957.08 | Z13: =SUM(Z26,Z39) -> 0 | AB13: 林丽贞 | AC13: 0.67566688 | AD13: 0.94274425 | AE13: 0 | AF13: 0 | AG13: 0 | AH13: 0 | AI13: 0.78118477 | AJ13: 0 | AK13: 0 | AN13: 林丽贞 | AO13: 0.92232187 | AP13: 0.21555 | AQ13: 1.2127643 | AR13: 0.27667753 | AS13: 1.0563587 | AT13: 0.24092943 | AV13: 林丽贞 | AW13: 0.92232187 | AX13: 0.33670482 | AY13: 0.21555 | AZ13: 0.091030077 | BC13: 林丽贞Itovebi 9mg | BD13: 7
C14: I-3mg | D14: 3566.02 | E14: =SUM(E27,E40) -> 37.384708 | F14: =SUM(F27,F40) -> 6 | G14: =SUM(G27,G40) -> 11 | H14: =IFERROR(W14/V14,"") -> 0.16049343 | I14: =IFERROR(X14/V14,"") -> 0.29423796 | J14: =IFERROR(X14/W14,"") -> 1.8333333 | K14: =G14-F14 -> 5 | L14: =O14 -> 0 | M14: =IFERROR((X14+Y14)/V14,"") -> 0.29423796 | N14: =K14+L14 -> 5 | O14: =SUM(O27,O40) -> 0 | P14: =SUM(P27,P40) -> 0 | Q14: =IFERROR((X14+Z14)/V14,"") -> 0.29423796 | R14: =K14+P14 -> 5 | S14: =SUM(S27,S40) -> 0 | T14: =SUM(T27,T40) -> 0 | U14: =SUM(U27,U40) -> 0 | V14: =SUM(V27,V40) -> 133314.62 | W14: =SUM(W27,W40) -> 21396.12 | X14: =SUM(X27,X40) -> 39226.22 | Y14: =SUM(Y27,Y40) -> 0 | Z14: =SUM(Z27,Z40) -> 0 | AB14: 陈慧源 | AC14: 0.80572118 | AD14: 1.4738612 | AE14: 0 | AF14: 0 | AG14: 0 | AH14: 0 | AI14: 0.96452633 | AJ14: 0 | AK14: 0 | AN14: 陈慧源 | AO14: 1.1657366 | AP14: 0.25661997 | AQ14: 1.5375766 | AR14: 0.42568102 | AS14: 1.2778201 | AT14: 0.29987529 | AV14: 陈慧源 | AW14: 1.1657366 | AX14: 0.54227405 | AY14: 0.25661997 | AZ14: 0.1292517 | BC14: 林丽贞Perjeta | BD14: 295
C15: I-9mg | D15: 10698.05 | E15: =SUM(E28,E41) -> 0 | F15: =SUM(F28,F41) -> 25 | G15: =SUM(G28,G41) -> 21 | H15: =IFERROR(W15/V15,"") | I15: =IFERROR(X15/V15,"") | J15: =IFERROR(X15/W15,"") -> 0.84 | K15: =G15-F15 -> -4 | L15: =O15 -> 3 | M15: =IFERROR((X15+Y15)/V15,"") | N15: =K15+L15 -> -1 | O15: =SUM(O28,O41) -> 3 | P15: =SUM(P28,P41) -> 0 | Q15: =IFERROR((X15+Z15)/V15,"") | R15: =K15+P15 -> -4 | S15: =SUM(S28,S41) -> 0 | T15: =SUM(T28,T41) -> 0 | U15: =SUM(U28,U41) -> 0 | V15: =SUM(V28,V41) -> 0 | W15: =SUM(W28,W41) -> 267451.25 | X15: =SUM(X28,X41) -> 224659.05 | Y15: =SUM(Y28,Y41) -> 32094.15 | Z15: =SUM(Z28,Z41) -> 0 | AB15: 陈康乐 | AC15: 0.46170815 | AD15: 0.82721117 | AE15: 0 | AF15: 0 | AG15: 0 | AH15: 0 | AI15: 0.6368674 | AJ15: 0 | AK15: 0 | AN15: 陈康乐 | AO15: 0.80283226 | AP15: 0.14787291 | AQ15: 0.92539574 | AR15: 0.24509191 | AS15: 0.87537599 | AT15: 0.19635386 | AV15: 陈康乐 | AW15: 0.80283226 | AX15: 0.17835366 | AY15: 0.14787291 | AZ15: 0.050480769 | BC15: 林丽贞Phesgo 10ml | BD15: 321
B16: 江西一圈 | C16: 全产品 | H16: =IFERROR(W16/V16,"") -> 0.87978924 | I16: =IFERROR(X16/V16,"") -> 0.70029827 | J16: =IFERROR(X16/W16,"") -> 0.79598413 | K16: =(X16-W16)/10000 -> -70.907956 | L16: =Y16/10000 -> 84.632452 | M16: =IFERROR((X16+Y16)/V16,"") -> 0.91453037 | N16: =K16+L16 -> 13.724496 | P16: =Z16/10000 -> 0 | Q16: =IFERROR((X16+Z16)/V16,"") -> 0.70029827 | R16: =K16+P16 -> -70.907956 | V16: =SUM(V22:V28) -> 3950502.8 | W16: =SUM(W22:W28) -> 3475609.8 | X16: =SUM(X22:X28) -> 2766530.2 | Y16: =SUM(Y22:Y28) -> 846324.52 | Z16: =SUM(Z22:Z28) -> 0 | AB16: 李嘉妮 | AC16: 0.61076324 | AD16: 0.64091686 | AE16: 0 | AF16: 0 | AG16: 0 | AH16: 0 | AI16: 0.62152351 | AJ16: 0 | AK16: 0 | AN16: 李嘉妮 | AO16: 0.8169321 | AP16: 0.19466847 | AQ16: 1.1017978 | AR16: 0.18908621 | AS16: 0.93427303 | AT16: 0.19257637 | AV16: 李嘉妮 | AW16: 0.8169321 | AX16: 0.25710419 | AY16: 0.19466847 | AZ16: 0.074424899 | BC16: 林丽贞Phesgo 15ml | BD16: 27
C17: 策略 | H17: =IFERROR(W17/V17,"") -> 1.0324424 | I17: =IFERROR(X17/V17,"") -> 0.79494876 | J17: =IFERROR(X17/W17,"") -> 0.76996908 | K17: =(X17-W17)/10000 -> -61.876602 | L17: =Y17/10000 -> 76.477852 | M17: =IFERROR((X17+Y17)/V17,"") -> 1.0884847 | N17: =K17+L17 -> 14.60125 | P17: =Z17/10000 -> 0 | Q17: =IFERROR((X17+Z17)/V17,"") -> 0.79494876 | R17: =K17+P17 -> -61.876602 | V17: =SUM(V25:V28) -> 2605399.9 | W17: =SUM(W25:W28) -> 2689925.4 | X17: =SUM(X25:X28) -> 2071159.4 | Y17: =SUM(Y25:Y28) -> 764778.52 | Z17: =SUM(Z25:Z28) -> 0 | AB17: 刘晓萍 | AC17: 0.81280734 | AD17: 1.4738612 | AE17: 0 | AF17: 0 | AG17: 0 | AH17: 0 | AI17: 0.97263691 | AJ17: 0 | AK17: 0 | AN17: 刘晓萍 | AO17: 1.1801456 | AP17: 0.25882649 | AQ17: 1.5375766 | AR17: 0.42568103 | AS17: 1.2896076 | AT17: 0.30222913 | AV17: 刘晓萍 | AW17: 1.1801456 | AX17: 0.56965944 | AY17: 0.25882649 | AZ17: 0.13519092 | BC17: 周小英Herceptin IV | BD17: 268
C18: HF | E18: =SUM(E22:E23,E25:E26) -> 569.84045 | F18: =SUM(F22:F23,F25:F26) -> 516.75908 | G18: =SUM(G22:G23,G25:G26) -> 460 | H18: =IFERROR(W18/V18,"") -> 0.95431234 | I18: =IFERROR(X18/V18,"") -> 0.82149427 | J18: =IFERROR(X18/W18,"") -> 0.86082328 | K18: =G18-F18 -> -56.759081 | L18: =O18 -> 127 | M18: =IFERROR((X18+Y18)/V18,"") -> 1.0699381 | N18: =K18+L18 -> 70.240919 | O18: =SUM(O22:O23,O25:O26) -> 127 | P18: =SUM(P22:P23,P25:P26) -> 0 | Q18: =IFERROR((X18+Z18)/V18,"") -> 0.82149427 | R18: =K18+P18 -> -56.759081 | S18: =SUM(S22:S23,S25:S26) -> 0 | T18: =SUM(T22:T23,T25:T26) -> 0 | U18: =SUM(U22:U23,U25:U26) -> 0 | V18: =SUM(V22:V23,V25:V26) -> 3122791.8 | W18: =SUM(W22:W23,W25:W26) -> 2980118.8 | X18: =SUM(X22:X23,X25:X26) -> 2565355.6 | Y18: =SUM(Y22:Y23,Y25:Y26) -> 775838.42 | Z18: =SUM(Z22:Z23,Z25:Z26) -> 0 | AB18: 谢燕贞 | AC18: 1.1110415 | AD18: 1.646023 | AE18: 0 | AF18: 0 | AG18: 0 | AH18: 0 | AI18: 1.3315283 | AJ18: 0 | AK18: 0 | AN18: 谢燕贞 | AO18: 1.0837409 | AP18: 0.35617998 | AQ18: 1.917152 | AR18: 0.48861893 | AS18: 1.4795146 | AT18: 0.4132469 | AV18: 谢燕贞 | AW18: 1.0837409 | AX18: 0.53562654 | AY18: 0.35617998 | AZ18: 0.2014742 | BC18: 周小英Herceptin SC | BD18: 540
C19: PF | E19: =E24+E25+E26*2 -> 607.70439 | F19: =F24+F25+F26*2 -> 490.75908 | G19: =G24+G25+G26*2 -> 361 | H19: =IFERROR(W19/V19,"") -> 0.85688923 | I19: =IFERROR(X19/V19,"") -> 0.6429577 | J19: =IFERROR(X19/W19,"") -> 0.75033934 | K19: =G19-F19 -> -129.75908 | L19: =O19 -> 136 | M19: =IFERROR((X19+Y19)/V19,"") -> 0.89200191 | N19: =K19+L19 -> 6.2409188 | O19: =O24+O25+O26*2 -> 136 | P19: =P24+P25+P26*2 -> 0 | Q19: =IFERROR((X19+Z19)/V19,"") -> 0.6429577 | R19: =K19+P19 -> -129.75908 | S19: =S24+S25+S26*2 -> 0 | T19: =T24+T25+T26*2 -> 0 | U19: =U24+U25+U26*2 -> 0 | V19: =SUM(V24:V26) -> 3267968 | W19: =SUM(W24:W26) -> 2800286.6 | X19: =SUM(X24:X26) -> 2101165.2 | Y19: =SUM(Y24:Y26) -> 813868.52 | Z19: =SUM(Z24:Z26) -> 0 | AB19: 张慧卿 | AC19: 0.41611273 | AD19: 0.26219702 | AE19: 0 | AF19: 0 | AG19: 0 | AH19: 0 | AI19: 0.35664839 | AJ19: 0 | AK19: 0 | AN19: 张慧卿 | AO19: 0.5466867 | AP19: 0.13274458 | AQ19: 0.9096615 | AR19: 0.077721022 | AS19: 0.70334318 | AT19: 0.11052091 | AV19: 张慧卿 | AW19: 0.5466867 | AX19: 0.30913349 | AY19: 0.13274458 | AZ19: 0.088992974 | BC19: 周小英Itovebi 3mg | BD19: 18
C20: P-折算10ml | E20: =E25+E26*2 -> 420.75912 | F20: =F25+F26*2 -> 414.75908 | G20: =G25+G26*2 -> 332 | H20: =IFERROR(W20/V20,"") -> 0.98990499 | I20: =IFERROR(X20/V20,"") -> 0.78704319 | J20: =IFERROR(X20/W20,"") -> 0.79506943 | K20: =G20-F20 -> -82.759081 | L20: =O20 -> 121 | M20: =IFERROR((X20+Y20)/V20,"") -> 1.085946 | N20: =K20+L20 -> 38.240919 | O20: =O25+O26*2 -> 121 | P20: =P25+P26*2 -> 0 | Q20: =IFERROR((X20+Z20)/V20,"") -> 0.78704319 | R20: =K20+P20 -> -82.759081 | S20: =S25+S26*2 -> 0 | T20: =T25+T26*2 -> 0 | U20: =U25+U26*2 -> 0 | V20: =SUM(V25:V26) -> 2522828.5 | W20: =SUM(W25:W26) -> 2497360.5 | X20: =SUM(X25:X26) -> 1985575 | Y20: =SUM(Y25:Y26) -> 754080.47 | Z20: =SUM(Z25:Z26) -> 0 | AB20: 郑长洋 | AC20: 0.30034239 | AD20: 0.8390079 | AE20: 0 | AF20: 0 | AG20: 0 | AH20: 0 | AI20: 0.65054786 | AJ20: 0 | AK20: 0 | AN20: 郑长洋 | AO20: 0.65955705 | AP20: 0.095555097 | AQ20: 0.98532247 | AR20: 0.24392401 | AS20: 0.90061908 | AT20: 0.19501449 | AV20: 郑长洋 | AW20: 0.65955705 | AX20: 0.10018904 | AY20: 0.095555097 | AZ20: 0.018205462 | BC20: 周小英Itovebi 9mg | BD20: 34
C21: I-折算9mg | E21: =E27/3+E28 -> 7.7183522 | F21: =F27/3+F28 -> 18 | G21: =G27/3+G28 -> 8 | H21: =IFERROR(W21/V21,"") -> 2.3321021 | I21: =IFERROR(X21/V21,"") -> 1.0364899 | J21: =IFERROR(X21/W21,"") -> 0.4444445 | K21: =G21-F21 -> -10 | L21: =O21 -> 1 | M21: =IFERROR((X21+Y21)/V21,"") -> 1.1660512 | N21: =K21+L21 -> -9 | O21: =O27/3+O28 -> 1 | P21: =P27/3+P28 -> 0 | Q21: =IFERROR((X21+Z21)/V21,"") -> 1.0364899 | R21: =K21+P21 -> -10 | S21: =S27/3+S28 -> 0 | T21: =T27/3+T28 -> 0 | U21: =U27/3+U28 -> 0 | V21: =SUM(V27:V28) -> 82571.395 | W21: =SUM(W27:W28) -> 192564.92 | X21: =SUM(X27:X28) -> 85584.42 | Y21: =SUM(Y27:Y28) -> 10698.05 | Z21: =SUM(Z27:Z28) -> 0 | AB21: 唐晓玉 | AC21: 1.4234711 | AD21: 0.60648921 | AE21: 0 | AF21: 0 | AG21: 0 | AH21: 0 | AI21: 0.97281668 | AJ21: 0 | AK21: 0 | AN21: 唐晓玉 | AO21: 1.650805 | AP21: 0.45346963 | AQ21: 0.58765457 | AR21: 0.18035253 | AS21: 0.9873159 | AT21: 0.2981833 | AV21: 唐晓玉 | AW21: 1.650805 | AX21: 0.33409524 | AY21: 0.45346963 | AZ21: 0.10095238 | BC21: 周小英Perjeta | BD21: 488
A22: 江西一圈Herceptin IV | C22: HIV | D22: 4535.5 | E22: 0.31336976 | F22: 51 | G22: =_xlfn.XLOOKUP(A22,BC:BC,BD:BD,0) -> 61 | H22: =IFERROR(W22/V22,"") -> 162.74704 | I22: =IFERROR(X22/V22,"") -> 194.65822 | J22: =IFERROR(X22/W22,"") -> 1.1960784 | K22: =G22-F22 -> 10 | L22: =O22 -> 1 | M22: =IFERROR((X22+Y22)/V22,"") -> 197.84934 | N22: =K22+L22 -> 11 | O22: 1 | P22: =SUM(S22:U22) -> 0 | Q22: =IFERROR((X22+Z22)/V22,"") -> 194.65822 | R22: =K22+P22 -> 10 | V22: =E22*D22 -> 1421.2885 | W22: =F22*D22 -> 231310.5 | X22: =G22*D22 -> 276665.5 | Y22: =L22*D22 -> 4535.5 | Z22: =P22*D22 -> 0 | AB22: (空缺) | AC22: 1.1367677 | AD22: 0.42877044 | AE22: 0 | AF22: 0 | AG22: 0 | AH22: 0 | AI22: 0.49591716 | AJ22: 0 | AK22: 0 | AN22: (空缺) | AO22: 2.2599443 | AP22: 0.35990368 | AQ22: 0.40204216 | AR22: 0.13329198 | AS22: 0.55485078 | AT22: 0.15443108 | AV22: (空缺) | AW22: 2.2599443 | AX22: 0.11377246 | AY22: 0.35990368 | AZ22: 0.020958084 | BC22: 周小英Phesgo 10ml | BD22: 450
A23: 江西一圈Herceptin SC | C23: HSC | D23: 3444.49 | E23: 173.76797 | F23: 73 | G23: =_xlfn.XLOOKUP(A23,BC:BC,BD:BD,0) -> 88 | H23: =IFERROR(W23/V23,"") -> 0.42010043 | I23: =IFERROR(X23/V23,"") -> 0.50642243 | J23: =IFERROR(X23/W23,"") -> 1.2054795 | K23: =G23-F23 -> 15 | L23: =O23 -> 5 | M23: =IFERROR((X23+Y23)/V23,"") -> 0.53519643 | N23: =K23+L23 -> 20 | O23: 5 | P23: =SUM(S23:U23) -> 0 | Q23: =IFERROR((X23+Z23)/V23,"") -> 0.50642243 | R23: =K23+P23 -> 15 | V23: =E23*D23 -> 598542.05 | W23: =F23*D23 -> 251447.77 | X23: =G23*D23 -> 303115.12 | Y23: =L23*D23 -> 17222.45 | Z23: =P23*D23 -> 0 | AB23: 高艳 | AC23: 2.4244558 | AD23: 0.47154544 | AE23: 0 | AF23: 0 | AG23: 0 | AH23: 0 | AI23: 1.1429363 | AJ23: 0 | AK23: 0 | AN23: 高艳 | AO23: 2.349551 | AP23: 0.76891454 | AQ23: 0.49025876 | AR23: 0.13823363 | AS23: 0.97557547 | AT23: 0.34400121 | AV23: 高艳 | AW23: 2.349551 | AX23: 0.37042182 | AY23: 0.76891454 | AZ23: 0.13351711 | BC23: 周小英Phesgo 15ml | BD23: 14
A24: 江西一圈Perjeta | C24: PIV | D24: 3985.87 | E24: 186.94527 | F24: 76 | G24: =_xlfn.XLOOKUP(A24,BC:BC,BD:BD,0) -> 29 | H24: =IFERROR(W24/V24,"") -> 0.40653609 | I24: =IFERROR(X24/V24,"") -> 0.15512562 | J24: =IFERROR(X24/W24,"") -> 0.38157895 | K24: =G24-F24 -> -47 | L24: =O24 -> 15 | M24: =IFERROR((X24+Y24)/V24,"") -> 0.235363 | N24: =K24+L24 -> -32 | O24: 15 | P24: =SUM(S24:U24) -> 0 | Q24: =IFERROR((X24+Z24)/V24,"") -> 0.15512562 | R24: =K24+P24 -> -47 | V24: =E24*D24 -> 745139.54 | W24: =F24*D24 -> 302926.12 | X24: =G24*D24 -> 115590.23 | Y24: =L24*D24 -> 59788.05 | Z24: =P24*D24 -> 0 | AB24: 吕杨 | AC24: 0.82274344 | AD24: 1.4718605 | AE24: 0 | AF24: 0 | AG24: 0 | AH24: 0 | AI24: 0.92790864 | AJ24: 0 | AK24: 0 | AN24: 吕杨 | AO24: 1.1223574 | AP24: 0.2643055 | AQ24: 1.7347595 | AR24: 0.42567269 | AS24: 1.2475765 | AT24: 0.29283345 | AV24: 吕杨 | AW24: 1.1223574 | AX24: 0.65091864 | AY24: 0.2643055 | AZ24: 0.167979 | BC24: 唐晓玉Herceptin IV | BD24: 67
A25: 江西一圈Phesgo 10ml | C25: P-10ml | D25: 6232.07 | E25: 370.75908 | F25: 370.75908 | G25: =_xlfn.XLOOKUP(A25,BC:BC,BD:BD,0) -> 290 | H25: =IFERROR(W25/V25,"") -> 1 | I25: =IFERROR(X25/V25,"") -> 0.78217909 | J25: =IFERROR(X25/W25,"") -> 0.78217909 | K25: =G25-F25 -> -80.759081 | L25: =O25 -> 121 | M25: =IFERROR((X25+Y25)/V25,"") -> 1.1085366 | N25: =K25+L25 -> 40.240919 | O25: =78+43 -> 121 | P25: =SUM(S25:U25) -> 0 | Q25: =IFERROR((X25+Z25)/V25,"") -> 0.78217909 | R25: =K25+P25 -> -80.759081 | V25: =E25*D25 -> 2310596.5 | W25: =F25*D25 -> 2310596.5 | X25: =G25*D25 -> 1807300.3 | Y25: =L25*D25 -> 754080.47 | Z25: =P25*D25 -> 0 | AB25: 梅海波 | AC25: 1.8015984 | AD25: 0.6818665 | AE25: 0 | AF25: 0 | AG25: 0 | AH25: 0 | AI25: 1.1499518 | AJ25: 0 | AK25: 0 | AN25: 梅海波 | AO25: 1.9534534 | AP25: 0.5699143 | AQ25: 0.61283829 | AR25: 0.1997922 | AS25: 1.0607777 | AT25: 0.3476635 | AV25: 梅海波 | AW25: 1.9534534 | AX25: 0.29212945 | AY25: 0.5699143 | AZ25: 0.095664901 | BC25: 唐晓玉Herceptin SC | BD25: 99
A26: 江西一圈Phesgo 15ml | C26: P-15ml | D26: 8489.27 | E26: 25.000021 | F26: 22 | G26: =_xlfn.XLOOKUP(A26,BC:BC,BD:BD,0) -> 21 | H26: =IFERROR(W26/V26,"") -> 0.87999925 | I26: =IFERROR(X26/V26,"") -> 0.83999929 | J26: =IFERROR(X26/W26,"") -> 0.95454545 | K26: =G26-F26 -> -1 | L26: =O26 -> 0 | M26: =IFERROR((X26+Y26)/V26,"") -> 0.83999929 | N26: =K26+L26 -> -1 | P26: =SUM(S26:U26) -> 0 | Q26: =IFERROR((X26+Z26)/V26,"") -> 0.83999929 | R26: =K26+P26 -> -1 | V26: =E26*D26 -> 212231.93 | W26: =F26*D26 -> 186763.94 | X26: =G26*D26 -> 178274.67 | Y26: =L26*D26 -> 0 | Z26: =P26*D26 -> 0 | AB26: 王颖婷 | AC26: 2.1508514 | AD26: 0.57056185 | AE26: 0 | AF26: 0 | AG26: 0 | AH26: 0 | AI26: 1.1083447 | AJ26: 0 | AK26: 0 | AN26: 王颖婷 | AO26: 2.3147854 | AP26: 0.67890507 | AQ26: 0.53225279 | AR26: 0.16812116 | AS26: 1.0121211 | AT26: 0.33414387 | AV26: 王颖婷 | AW26: 2.3147854 | AX26: 0.24948279 | AY26: 0.67890507 | AZ26: 0.082842643 | BC26: 唐晓玉Itovebi 3mg | BD26: 5
A27: 江西一圈Itovebi 3mg | C27: I-3mg | D27: 3566.02 | E27: 23.155056 | F27: 6 | G27: =_xlfn.XLOOKUP(A27,BC:BC,BD:BD,0) -> 6 | H27: =IFERROR(W27/V27,"") -> 0.25912267 | I27: =IFERROR(X27/V27,"") -> 0.25912267 | J27: =IFERROR(X27/W27,"") -> 1 | K27: =G27-F27 -> 0 | L27: =O27 -> 0 | M27: =IFERROR((X27+Y27)/V27,"") -> 0.25912267 | N27: =K27+L27 -> 0 | P27: =SUM(S27:U27) -> 0 | Q27: =IFERROR((X27+Z27)/V27,"") -> 0.25912267 | R27: =K27+P27 -> 0 | V27: =E27*D27 -> 82571.395 | W27: =F27*D27 -> 21396.12 | X27: =G27*D27 -> 21396.12 | Y27: =L27*D27 -> 0 | Z27: =P27*D27 -> 0 | AB27: 张霞云 | AC27: 1.2929984 | AD27: 0.66362338 | AE27: 0 | AF27: 0 | AG27: 0 | AH27: 0 | AI27: 0.97727852 | AJ27: 0 | AK27: 0 | AN27: 张霞云 | AO27: 1.5495771 | AP27: 0.41112721 | AQ27: 0.54886651 | AR27: 0.19540551 | AS27: 0.9672557 | AT27: 0.2987721 | AV27: 张霞云 | AW27: 1.5495771 | AX27: 0.34977324 | AY27: 0.41112721 | AZ27: 0.10204082 | BC27: 唐晓玉Itovebi 9mg | BD27: 15
A28: 江西一圈Itovebi 9mg | C28: I-9mg | D28: 10698.05 | E28: 0 | F28: 16 | G28: =_xlfn.XLOOKUP(A28,BC:BC,BD:BD,0) -> 6 | H28: =IFERROR(W28/V28,"") | I28: =IFERROR(X28/V28,"") | J28: =IFERROR(X28/W28,"") -> 0.375 | K28: =G28-F28 -> -10 | L28: =O28 -> 1 | M28: =IFERROR((X28+Y28)/V28,"") | N28: =K28+L28 -> -9 | O28: 1 | P28: =SUM(S28:U28) -> 0 | Q28: =IFERROR((X28+Z28)/V28,"") | R28: =K28+P28 -> -10 | V28: =E28*D28 -> 0 | W28: =F28*D28 -> 171168.8 | X28: =G28*D28 -> 64188.3 | Y28: =L28*D28 -> 10698.05 | Z28: =P28*D28 -> 0 | AB28: 许辉容 | AC28: 0.51706877 | AD28: 0.95359211 | AE28: 0 | AF28: 0 | AG28: 0 | AH28: 0 | AI28: 0.72516954 | AJ28: 0 | AK28: 0 | AN28: 许辉容 | AO28: 0.85878731 | AP28: 0.16492641 | AQ28: 0.81968304 | AR28: 0.28500973 | AS28: 0.83748558 | AT28: 0.22412338 | AV28: 许辉容 | AW28: 0.85878731 | AX28: 0.34956347 | AY28: 0.16492641 | AZ28: 0.081598388 | BC28: 唐晓玉Perjeta | BD28: 127
B29: 唐晓玉 | C29: 全产品 | H29: =IFERROR(W29/V29,"") -> 1.0727663 | I29: =IFERROR(X29/V29,"") -> 1.1167278 | J29: =IFERROR(X29/W29,"") -> 1.0409796 | K29: =(X29-W29)/10000 -> 12.356509 | L29: =Y29/10000 -> 37.524349 | M29: =IFERROR((X29+Y29)/V29,"") -> 1.2502306 | N29: =K29+L29 -> 49.880858 | P29: =Z29/10000 -> 0 | Q29: =IFERROR((X29+Z29)/V29,"") -> 1.1167278 | R29: =K29+P29 -> 12.356509 | V29: =SUM(V35:V41) -> 2810754.5 | W29: =SUM(W35:W41) -> 3015282.7 | X29: =SUM(X35:X41) -> 3138847.8 | Y29: =SUM(Y35:Y41) -> 375243.49 | Z29: =SUM(Z35:Z41) -> 0 | AB29: (空缺) | AC29: 0.49443533 | AD29: #DIV/0! | AE29: 0 | AF29: #DIV/0! | AG29: 0 | AH29: #DIV/0! | AI29: 0.49443533 | AJ29: 0 | AK29: 0 | AN29: (空缺) | AO29: 4.6016139 | AP29: 0.13135992 | AQ29: #DIV/0! | AR29: #DIV/0! | AS29: 4.6016139 | AT29: 0.13135992 | AV29: (空缺) | AW29: 4.6016139 | AX29: #DIV/0! | AY29: 0.13135992 | AZ29: #DIV/0! | BC29: 唐晓玉Phesgo 10ml | BD29: 274
C30: 策略 | H30: =IFERROR(W30/V30,"") -> 1.6231172 | I30: =IFERROR(X30/V30,"") -> 1.5771892 | J30: =IFERROR(X30/W30,"") -> 0.97170383 | K30: =(X30-W30)/10000 -> -5.788387 | L30: =Y30/10000 -> 23.608321 | M30: =IFERROR((X30+Y30)/V30,"") -> 1.7645097 | N30: =K30+L30 -> 17.819934 | P30: =Z30/10000 -> 0 | Q30: =IFERROR((X30+Z30)/V30,"") -> 1.5771892 | R30: =K30+P30 -> -5.788387 | V30: =SUM(V38:V41) -> 1260317.5 | W30: =SUM(W38:W41) -> 2045643.1 | X30: =SUM(X38:X41) -> 1987759.3 | Y30: =SUM(Y38:Y41) -> 236083.21 | Z30: =SUM(Z38:Z41) -> 0 | AB30: 甘燕梅 | AC30: 0.45606654 | AD30: 0.39751827 | AE30: 0 | AF30: 0 | AG30: 0 | AH30: 0 | AI30: 0.43547632 | AJ30: 0 | AK30: 0 | AN30: 甘燕梅 | AO30: 0.7821225 | AP30: 0.1465063 | AQ30: 0.60954427 | AR30: 0.12505898 | AS30: 0.72187627 | AT30: 0.13886128 | AV30: 甘燕梅 | AW30: 0.7821225 | AX30: 0.42230576 | AY30: 0.1465063 | AZ30: 0.10025063 | BC30: 唐晓玉Phesgo 15ml | BD30: 12
C31: HF | E31: =SUM(E35:E36,E38:E39) -> 476.22463 | F31: =SUM(F35:F36,F38:F39) -> 456 | G31: =SUM(G35:G36,G38:G39) -> 452 | H31: =IFERROR(W31/V31,"") -> 1.0907503 | I31: =IFERROR(X31/V31,"") -> 1.0621567 | J31: =IFERROR(X31/W31,"") -> 0.97378533 | K31: =G31-F31 -> -4 | L31: =O31 -> 41 | M31: =IFERROR((X31+Y31)/V31,"") -> 1.1669913 | N31: =K31+L31 -> 37 | O31: =SUM(O35:O36,O38:O39) -> 41 | P31: =SUM(P35:P36,P38:P39) -> 0 | Q31: =IFERROR((X31+Z31)/V31,"") -> 1.0621567 | R31: =K31+P31 -> -4 | S31: =SUM(S35:S36,S38:S39) -> 0 | T31: =SUM(T35:T36,T38:T39) -> 0 | U31: =SUM(U35:U36,U38:U39) -> 0 | V31: =SUM(V35:V36,V38:V39) -> 2310715 | W31: =SUM(W35:W36,W38:W39) -> 2520413.2 | X31: =SUM(X35:X36,X38:X39) -> 2454341.4 | Y31: =SUM(Y35:Y36,Y38:Y39) -> 242243.03 | Z31: =SUM(Z35:Z36,Z38:Z39) -> 0 | AB31: 林露 | AC31: 0.3617315 | AD31: 1.9612992 | AE31: 0 | AF31: 0 | AG31: 0 | AH31: 0 | AI31: 1.7417199 | AJ31: 0 | AK31: 0 | AN31: 林露 | AO31: 1.3502782 | AP31: 0.11518451 | AQ31: 1.0941522 | AR31: 0.57088818 | AS31: 1.1182333 | AT31: 0.51302242 | AV31: 林露 | AW31: 1.3502782 | AX31: 0.15631692 | AY31: 0.11518451 | AZ31: 0.010706638 | BC31: 许辉容Herceptin IV | BD31: 301
C32: PF | E32: =E37+E38+E39*2 -> 314.46466 | F32: =F37+F38+F39*2 -> 423 | G32: =G37+G38+G39*2 -> 425 | H32: =IFERROR(W32/V32,"") -> 1.4153893 | I32: =IFERROR(X32/V32,"") -> 1.395928 | J32: =IFERROR(X32/W32,"") -> 0.98625021 | K32: =G32-F32 -> 2 | L32: =O32 -> 65 | M32: =IFERROR((X32+Y32)/V32,"") -> 1.592623 | N32: =K32+L32 -> 67 | O32: =O37+O38+O39*2 -> 65 | P32: =P37+P38+P39*2 -> 0 | Q32: =IFERROR((X32+Z32)/V32,"") -> 1.395928 | R32: =K32+P32 -> 2 | S32: =S37+S38+S39*2 -> 0 | T32: =T37+T38+T39*2 -> 0 | U32: =U37+U38+U39*2 -> 0 | V32: =SUM(V37:V39) -> 1658870.6 | W32: =SUM(W37:W39) -> 2347947.7 | X32: =SUM(X37:X39) -> 2315663.9 | Y32: =SUM(Y37:Y39) -> 326291.47 | Z32: =SUM(Z37:Z39) -> 0 | AB32: 林月榕 | AC32: 0.70797215 | AD32: 1.0617701 | AE32: 0 | AF32: 0 | AG32: 0 | AH32: 0 | AI32: 0.86220159 | AJ32: 0 | AK32: 0 | AN32: 林月榕 | AO32: 0.84962833 | AP32: 0.22572741 | AQ32: 1.1503644 | AR32: 0.30843808 | AS32: 1.0106302 | AT32: 0.26368643 | AV32: 林月榕 | AW32: 0.84962833 | AX32: 0.41370558 | AY32: 0.22572741 | AZ32: 0.11928934 | BC32: 许辉容Herceptin SC | BD32: 146
C33: P-折算10ml | E33: =E38+E39*2 -> 201.74241 | F33: =F38+F39*2 -> 323 | G33: =G38+G39*2 -> 298 | H33: =IFERROR(W33/V33,"") -> 1.6116088 | I33: =IFERROR(X33/V33,"") -> 1.4959464 | J33: =IFERROR(X33/W33,"") -> 0.92823172 | K33: =G33-F33 -> -25 | L33: =O33 -> 37 | M33: =IFERROR((X33+Y33)/V33,"") -> 1.6734363 | N33: =K33+L33 -> 12 | O33: =O38+O39*2 -> 37 | P33: =P38+P39*2 -> 0 | Q33: =IFERROR((X33+Z33)/V33,"") -> 1.4959464 | R33: =K33+P33 -> -25 | S33: =S38+S39*2 -> 0 | T33: =T38+T39*2 -> 0 | U33: =U38+U39*2 -> 0 | V33: =SUM(V38:V39) -> 1209574.3 | W33: =SUM(W38:W39) -> 1949360.7 | X33: =SUM(X38:X39) -> 1809458.4 | Y33: =SUM(Y38:Y39) -> 214687.11 | Z33: =SUM(Z38:Z39) -> 0 | AB33: 宋超平 | AC33: 0.45740838 | AD33: 0.47979913 | AE33: 0 | AF33: 0 | AG33: 0 | AH33: 0 | AI33: 0.46823738 | AJ33: 0 | AK33: 0 | AN33: 宋超平 | AO33: 1.0477557 | AP33: 0.14488652 | AQ33: 0.80459297 | AR33: 0.14249708 | AS33: 0.91624459 | AT33: 0.14369243 | AV33: 宋超平 | AW33: 1.0477557 | AX33: 0.33164983 | AY33: 0.14488652 | AZ33: 0.052188552 | BC33: 许辉容Itovebi 3mg | BD33: 10
C34: I-折算9mg | E34: =E40/3+E41 -> 4.7432171 | F34: =F40/3+F41 -> 9 | G34: =G40/3+G41 -> 16.666667 | H34: =IFERROR(W34/V34,"") -> 1.8974446 | I34: =IFERROR(X34/V34,"") -> 3.5137866 | J34: =IFERROR(X34/W34,"") -> 1.851852 | K34: =G34-F34 -> 7.6666667 | L34: =O34 -> 2 | M34: =IFERROR((X34+Y34)/V34,"") -> 3.935441 | N34: =K34+L34 -> 9.6666667 | O34: =O40/3+O41 -> 2 | P34: =P40/3+P41 -> 0 | Q34: =IFERROR((X34+Z34)/V34,"") -> 3.5137866 | R34: =K34+P34 -> 7.6666667 | S34: =S40/3+S41 -> 0 | T34: =T40/3+T41 -> 0 | U34: =U40/3+U41 -> 0 | V34: =SUM(V40:V41) -> 50743.221 | W34: =SUM(W40:W41) -> 96282.45 | X34: =SUM(X40:X41) -> 178300.85 | Y34: =SUM(Y40:Y41) -> 21396.1 | Z34: =SUM(Z40:Z41) -> 0 | AB34: 吴平辉 | AC34: 0.54384314 | AD34: 0.54045795 | AE34: 0 | AF34: 0 | AG34: 0 | AH34: 0 | AI34: 0.54241236 | AJ34: 0 | AK34: 0 | AN34: 吴平辉 | AO34: 0.65373684 | AP34: 0.17470906 | AQ34: 0.41861589 | AR34: 0.16267844 | AS34: 0.54033297 | AT34: 0.1694322 | AV34: 吴平辉 | AW34: 0.65373684 | AX34: 0.3737931 | AY34: 0.17470906 | AZ34: 0.11034483 | BC34: 许辉容Itovebi 9mg | BD34: 3
A35: 唐晓玉Herceptin IV | C35: HIV | D35: 4535.5 | E35: 104.8162 | F35: 53 | G35: =_xlfn.XLOOKUP(A35,BC:BC,BD:BD,0) -> 67 | H35: =IFERROR(W35/V35,"") -> 0.50564701 | I35: =IFERROR(X35/V35,"") -> 0.63921415 | J35: =IFERROR(X35/W35,"") -> 1.2641509 | K35: =G35-F35 -> 14 | L35: =O35 -> 0 | M35: =IFERROR((X35+Y35)/V35,"") -> 0.63921415 | N35: =K35+L35 -> 14 | P35: =SUM(S35:U35) -> 0 | Q35: =IFERROR((X35+Z35)/V35,"") -> 0.63921415 | R35: =K35+P35 -> 14 | V35: =E35*D35 -> 475393.89 | W35: =F35*D35 -> 240381.5 | X35: =G35*D35 -> 303878.5 | Y35: =L35*D35 -> 0 | Z35: =P35*D35 -> 0 | AB35: 钟明珠 | AC35: 0.79896544 | AD35: 0.80918591 | AE35: 0 | AF35: 0 | AG35: 0 | AH35: 0 | AI35: 0.80318695 | AJ35: 0 | AK35: 0 | AN35: 钟明珠 | AO35: 1.0847771 | AP35: 0.25186551 | AQ35: 0.87848221 | AR35: 0.239465 | AS35: 0.98167734 | AT35: 0.24655256 | AV35: 钟明珠 | AW35: 1.0847771 | AX35: 0.63282863 | AY35: 0.25186551 | AZ35: 0.16207846 | BC35: 许辉容Perjeta | BD35: 182
A36: 唐晓玉Herceptin SC | C36: HSC | D36: 3444.49 | E36: 181.66603 | F36: 96 | G36: =_xlfn.XLOOKUP(A36,BC:BC,BD:BD,0) -> 99 | H36: =IFERROR(W36/V36,"") -> 0.52844222 | I36: =IFERROR(X36/V36,"") -> 0.54495604 | J36: =IFERROR(X36/W36,"") -> 1.03125 | K36: =G36-F36 -> 3 | L36: =O36 -> 8 | M36: =IFERROR((X36+Y36)/V36,"") -> 0.58899289 | N36: =K36+L36 -> 11 | O36: 8 | P36: =SUM(S36:U36) -> 0 | Q36: =IFERROR((X36+Z36)/V36,"") -> 0.54495604 | R36: =K36+P36 -> 3 | V36: =E36*D36 -> 625746.82 | W36: =F36*D36 -> 330671.04 | X36: =G36*D36 -> 341004.51 | Y36: =L36*D36 -> 27555.92 | Z36: =P36*D36 -> 0 | AB36: 贾静 | AC36: 0.73169977 | AD36: 0.53602193 | AE36: 0 | AF36: 0 | AG36: 0 | AH36: 0 | AI36: 0.6574435 | AJ36: 0 | AK36: 0 | AN36: 贾静 | AO36: 0.96122967 | AP36: 0.2309031 | AQ36: 0.57252006 | AR36: 0.16074836 | AS36: 0.78890762 | AT36: 0.20343371 | AV36: 贾静 | AW36: 0.96122967 | AX36: 0.68450704 | AY36: 0.2309031 | AZ36: 0.2 | BC36: 许辉容Phesgo 10ml | BD36: 215
A37: 唐晓玉Perjeta | C37: PIV | D37: 3985.87 | E37: 112.72225 | F37: 100 | G37: =_xlfn.XLOOKUP(A37,BC:BC,BD:BD,0) -> 127 | H37: =IFERROR(W37/V37,"") -> 0.88713632 | I37: =IFERROR(X37/V37,"") -> 1.1266631 | J37: =IFERROR(X37/W37,"") -> 1.27 | K37: =G37-F37 -> 27 | L37: =O37 -> 28 | M37: =IFERROR((X37+Y37)/V37,"") -> 1.3750613 | N37: =K37+L37 -> 55 | O37: 28 | P37: =SUM(S37:U37) -> 0 | Q37: =IFERROR((X37+Z37)/V37,"") -> 1.1266631 | R37: =K37+P37 -> 27 | V37: =E37*D37 -> 449296.23 | W37: =F37*D37 -> 398587 | X37: =G37*D37 -> 506205.49 | Y37: =L37*D37 -> 111604.36 | Z37: =P37*D37 -> 0 | AB37: 李巍 | AC37: 0.90600332 | AD37: 1.376424 | AE37: 0 | AF37: 0 | AG37: 0 | AH37: 0 | AI37: 1.0642742 | AJ37: 0 | AK37: 0 | AN37: 李巍 | AO37: 1.4510118 | AP37: 0.28601164 | AQ37: 1.0031042 | AR37: 0.4006308 | AS37: 1.249839 | AT37: 0.32667915 | AV37: 李巍 | AW37: 1.4510118 | AX37: 0.88771267 | AY37: 0.28601164 | AZ37: 0.2 | BC37: 许辉容Phesgo 15ml | BD37: 17
A38: 唐晓玉Phesgo 10ml | C38: P-10ml | D38: 6232.07 | E38: 177.74237 | F38: 291 | G38: =_xlfn.XLOOKUP(A38,BC:BC,BD:BD,0) -> 274 | H38: =IFERROR(W38/V38,"") -> 1.6372011 | I38: =IFERROR(X38/V38,"") -> 1.541557 | J38: =IFERROR(X38/W38,"") -> 0.94158076 | K38: =G38-F38 -> -17 | L38: =O38 -> 29 | M38: =IFERROR((X38+Y38)/V38,"") -> 1.7047145 | N38: =K38+L38 -> 12 | O38: 29 | P38: =SUM(S38:U38) -> 0 | Q38: =IFERROR((X38+Z38)/V38,"") -> 1.541557 | R38: =K38+P38 -> -17 | V38: =E38*D38 -> 1107702.9 | W38: =F38*D38 -> 1813532.4 | X38: =G38*D38 -> 1707587.2 | Y38: =L38*D38 -> 180730.03 | Z38: =P38*D38 -> 0 | AB38: 王冲 | AC38: 0.59442669 | AD38: 0.75520003 | AE38: 0 | AF38: 0 | AG38: 0 | AH38: 0 | AI38: 0.68438068 | AJ38: 0 | AK38: 0 | AN38: 王冲 | AO38: 0.99780231 | AP38: 0.18598097 | AQ38: 0.99479493 | AR38: 0.22126314 | AS38: 0.99583332 | AT38: 0.2062903 | AV38: 王冲 | AW38: 0.99780231 | AX38: 0.40308219 | AY38: 0.18598097 | AZ38: 0.097945205 | BC38: 钟明珠Herceptin IV | BD38: 219
A39: 唐晓玉Phesgo 15ml | C39: P-15ml | D39: 8489.27 | E39: 12.000021 | F39: 16 | G39: =_xlfn.XLOOKUP(A39,BC:BC,BD:BD,0) -> 12 | H39: =IFERROR(W39/V39,"") -> 1.333331 | I39: =IFERROR(X39/V39,"") -> 0.99999823 | J39: =IFERROR(X39/W39,"") -> 0.75 | K39: =G39-F39 -> -4 | L39: =O39 -> 4 | M39: =IFERROR((X39+Y39)/V39,"") -> 1.333331 | N39: =K39+L39 -> 0 | O39: 4 | P39: =SUM(S39:U39) -> 0 | Q39: =IFERROR((X39+Z39)/V39,"") -> 0.99999823 | R39: =K39+P39 -> -4 | V39: =E39*D39 -> 101871.42 | W39: =F39*D39 -> 135828.32 | X39: =G39*D39 -> 101871.24 | Y39: =L39*D39 -> 33957.08 | Z39: =P39*D39 -> 0 | AB39: 王稼辉 | AC39: 0.83836349 | AD39: 1.1683466 | AE39: 0 | AF39: 0 | AG39: 0 | AH39: 0 | AI39: 0.96824288 | AJ39: 0 | AK39: 0 | AN39: 王稼辉 | AO39: 1.1359531 | AP39: 0.26590478 | AQ39: 0.79985809 | AR39: 0.34800358 | AS39: 0.97712018 | AT39: 0.2994572 | AV39: 王稼辉 | AW39: 1.1359531 | AX39: 0.70862471 | AY39: 0.26590478 | AZ39: 0.2004662 | BC39: 钟明珠Herceptin SC | BD39: 208
A40: 唐晓玉Itovebi 3mg | C40: I-3mg | D40: 3566.02 | E40: 14.229651 | G40: =_xlfn.XLOOKUP(A40,BC:BC,BD:BD,0) -> 5 | H40: =IFERROR(W40/V40,"") -> 0 | I40: =IFERROR(X40/V40,"") -> 0.35137896 | J40: =IFERROR(X40/W40,"") | K40: =G40-F40 -> 5 | L40: =O40 -> 0 | M40: =IFERROR((X40+Y40)/V40,"") -> 0.35137896 | N40: =K40+L40 -> 5 | P40: =SUM(S40:U40) -> 0 | Q40: =IFERROR((X40+Z40)/V40,"") -> 0.35137896 | R40: =K40+P40 -> 5 | V40: =E40*D40 -> 50743.221 | W40: =F40*D40 -> 0 | X40: =G40*D40 -> 17830.1 | Y40: =L40*D40 -> 0 | Z40: =P40*D40 -> 0 | AB40: 王瑛 | AC40: 1.0733067 | AD40: 0.61099856 | AE40: 0 | AF40: 0 | AG40: 0 | AH40: 0 | AI40: 0.89287836 | AJ40: 0 | AK40: 0 | AN40: 王瑛 | AO40: 1.0866624 | AP40: 0.33753913 | AQ40: 0.5032201 | AR40: 0.18343156 | AS40: 0.82005176 | AT40: 0.2756832 | AV40: 王瑛 | AW40: 1.0866624 | AX40: 0.62652439 | AY40: 0.33753913 | AZ40: 0.14939024 | BC40: 钟明珠Itovebi 3mg | BD40: 38
A41: 唐晓玉Itovebi 9mg | C41: I-9mg | D41: 10698.05 | F41: 9 | G41: =_xlfn.XLOOKUP(A41,BC:BC,BD:BD,0) -> 15 | H41: =IFERROR(W41/V41,"") | I41: =IFERROR(X41/V41,"") | J41: =IFERROR(X41/W41,"") -> 1.6666667 | K41: =G41-F41 -> 6 | L41: =O41 -> 2 | M41: =IFERROR((X41+Y41)/V41,"") | N41: =K41+L41 -> 8 | O41: 2 | P41: =SUM(S41:U41) -> 0 | Q41: =IFERROR((X41+Z41)/V41,"") | R41: =K41+P41 -> 6 | V41: =E41*D41 -> 0 | W41: =F41*D41 -> 96282.45 | X41: =G41*D41 -> 160470.75 | Y41: =L41*D41 -> 21396.1 | Z41: =P41*D41 -> 0 | AB41: 王昱昊 | AC41: 0.50618854 | AD41: 0.48461614 | AE41: 0 | AF41: 0 | AG41: 0 | AH41: 0 | AI41: 0.49778401 | AJ41: 0 | AK41: 0 | AN41: 王昱昊 | AO41: 0.76002793 | AP41: 0.15983474 | AQ41: 1.3117122 | AR41: 0.1431749 | AS41: 1.0198623 | AT41: 0.15307872 | AV41: 王昱昊 | AW41: 0.76002793 | AX41: 0.49858357 | AY41: 0.15983474 | AZ41: 0.15014164 | BC41: 钟明珠Itovebi 9mg | BD41: 40
B42: 福建省 | C42: 全产品 | E42: =SUM(E55,E68) -> 0 | F42: =SUM(F55,F68) -> 0 | G42: =SUM(G55,G68) -> 0 | H42: =IFERROR(W42/V42,"") -> 1.0658456 | I42: =IFERROR(X42/V42,"") -> 0.8251269 | J42: =IFERROR(X42/W42,"") -> 0.77415236 | K42: =(X42-W42)/10000 -> -262.14551 | L42: =Y42/10000 -> 16.382484 | M42: =IFERROR((X42+Y42)/V42,"") -> 0.84017034 | N42: =K42+L42 -> -245.76302 | O42: =SUM(O55,O68) -> 0 | P42: =SUM(P55,P68) -> 0 | Q42: =IFERROR((X42+Z42)/V42,"") -> 0.8251269 | R42: =K42+P42 -> -262.14551 | S42: =SUM(S55,S68) -> 0 | T42: =SUM(T55,T68) -> 0 | U42: =SUM(U55,U68) -> 0 | V42: =SUM(V55,V68) -> 10890118 | W42: =SUM(W55,W68) -> 11607184 | X42: =SUM(X55,X68) -> 8985729 | Y42: =SUM(Y55,Y68) -> 163824.84 | Z42: =SUM(Z55,Z68) -> 0 | AB42: 周小英 | AC42: 0.46309053 | AD42: 0.95563071 | AE42: 0 | AF42: 0 | AG42: 0 | AH42: 0 | AI42: 0.66971324 | AJ42: 0 | AK42: 0 | AN42: 周小英 | AO42: 1.0470932 | AP42: 0.14698518 | AQ42: 1.1893967 | AR42: 0.29133434 | AS42: 1.1123612 | AT42: 0.20896164 | AV42: 周小英 | AW42: 1.0470932 | AX42: 0.71825024 | AY42: 0.14698518 | AZ42: 0.10865475 | BC42: 钟明珠Perjeta | BD42: 237
C43: 策略 | E43: =SUM(E56,E69) -> 0 | F43: =SUM(F56,F69) -> 0 | G43: =SUM(G56,G69) -> 0 | H43: =IFERROR(W43/V43,"") -> 1.0860782 | I43: =IFERROR(X43/V43,"") -> 0.63953548 | J43: =IFERROR(X43/W43,"") -> 0.58884845 | K43: =(X43-W43)/10000 -> -273.75821 | L43: =Y43/10000 -> 14.333761 | M43: =IFERROR((X43+Y43)/V43,"") -> 0.6629161 | N43: =K43+L43 -> -259.42445 | O43: =SUM(O56,O69) -> 0 | P43: =SUM(P56,P69) -> 0 | Q43: =IFERROR((X43+Z43)/V43,"") -> 0.63953548 | R43: =K43+P43 -> -273.75821 | S43: =SUM(S56,S69) -> 0 | T43: =SUM(T56,T69) -> 0 | U43: =SUM(U56,U69) -> 0 | V43: =SUM(V56,V69) -> 6130616 | W43: =SUM(W56,W69) -> 6658328.6 | X43: =SUM(X56,X69) -> 3920746.5 | Y43: =SUM(Y56,Y69) -> 143337.61 | Z43: =SUM(Z56,Z69) -> 0 | AB43: 高骏 | AC43: 0.69861139 | AD43: 0.63382651 | AE43: 0 | AF43: 0 | AG43: 0 | AH43: 0 | AI43: 0.67142604 | AJ43: 0 | AK43: 0 | AN43: 高骏 | AO43: 1.9109859 | AP43: 0.22417213 | AQ43: 0.95050531 | AR43: 0.19306982 | AS43: 1.4636389 | AT43: 0.21072505 | AV43: 高骏 | AW43: 1.9109859 | AX43: 1.7527273 | AY43: 0.22417213 | AZ43: 0.21369863 | BC43: 钟明珠Phesgo 10ml | BD43: 439
C44: HF | E44: =SUM(E57,E70) -> 1712.8327 | F44: =SUM(F57,F70) -> 1697.297 | G44: =SUM(G57,G70) -> 1336 | H44: =IFERROR(W44/V44,"") -> 1.0186533 | I44: =IFERROR(X44/V44,"") -> 0.77523112 | J44: =IFERROR(X44/W44,"") -> 0.76103532 | K44: =G44-F44 -> -361.29697 | L44: =O44 -> 26 | M44: =IFERROR((X44+Y44)/V44,"") -> 0.79279851 | N44: =K44+L44 -> -335.29697 | O44: =SUM(O57,O70) -> 26 | P44: =SUM(P57,P70) -> 0 | Q44: =IFERROR((X44+Z44)/V44,"") -> 0.77523112 | R44: =K44+P44 -> -361.29697 | S44: =SUM(S57,S70) -> 0 | T44: =SUM(T57,T70) -> 0 | U44: =SUM(U57,U70) -> 0 | V44: =SUM(V57,V70) -> 8871728.4 | W44: =SUM(W57,W70) -> 9037215.2 | X44: =SUM(X57,X70) -> 6877640 | Y44: =SUM(Y57,Y70) -> 155853.1 | Z44: =SUM(Z57,Z70) -> 0 | AB44: 高秋磊 | AC44: 0.29178129 | AD44: 0.053738687 | AE44: 0 | AF44: 0 | AG44: 0 | AH44: 0 | AI44: 0.25448658 | AJ44: 0 | AK44: 0 | AN44: 高秋磊 | AO44: 0.87269872 | AP44: 0.093570911 | AQ44: 1.4651918 | AR44: 0.016881621 | AS44: 1.143643 | AT44: 0.081345368 | AV44: 高秋磊 | AW44: 0.87269872 | AX44: 0.56003666 | AY44: 0.093570911 | AZ44: 0.12671233 | BC44: 钟明珠Phesgo 15ml | BD44: 32
C45: PF | E45: =SUM(E58,E71) -> 1443.0873 | F45: =SUM(F58,F71) -> 1547.3379 | G45: =SUM(G58,G71) -> 1101 | H45: =IFERROR(W45/V45,"") -> 1.0616498 | I45: =IFERROR(X45/V45,"") -> 0.72600714 | J45: =IFERROR(X45/W45,"") -> 0.68384805 | K45: =G45-F45 -> -446.33794 | L45: =O45 -> 25 | M45: =IFERROR((X45+Y45)/V45,"") -> 0.74557049 | N45: =K45+L45 -> -421.33794 | O45: =SUM(O58,O71) -> 25 | P45: =SUM(P58,P71) -> 0 | Q45: =IFERROR((X45+Z45)/V45,"") -> 0.72600714 | R45: =K45+P45 -> -446.33794 | S45: =SUM(S58,S71) -> 0 | T45: =SUM(T58,T71) -> 0 | U45: =SUM(U58,U71) -> 0 | V45: =SUM(V58,V71) -> 7734328 | W45: =SUM(W58,W71) -> 8211147.7 | X45: =SUM(X58,X71) -> 5615177.4 | Y45: =SUM(Y58,Y71) -> 151309.35 | Z45: =SUM(Z58,Z71) -> 0 | AB45: 黄培耕 | AC45: 0.66108253 | AD45: 0.93152158 | AE45: 0 | AF45: 0 | AG45: 0 | AH45: 0 | AI45: 0.73705974 | AJ45: 0 | AK45: 0 | AN45: 黄培耕 | AO45: 0.83547266 | AP45: 0.2123721 | AQ45: 0.78945754 | AR45: 0.28168538 | AS45: 0.8204106 | AT45: 0.23270308 | AV45: 黄培耕 | AW45: 0.83547266 | AX45: 0.77702703 | AY45: 0.2123721 | AZ45: 0.21621622 | BC45: (空白)Herceptin IV | BD45: 76
C46: P-折算10ml | E46: =SUM(E59,E72) -> 988.71961 | F46: =SUM(F59,F72) -> 1030.1625 | G46: =SUM(G59,G72) -> 624 | H46: =IFERROR(W46/V46,"") -> 1.038235 | I46: =IFERROR(X46/V46,"") -> 0.62700379 | J46: =IFERROR(X46/W46,"") -> 0.60391319 | K46: =G46-F46 -> -406.16251 | L46: =O46 -> 23 | M46: =IFERROR((X46+Y46)/V46,"") -> 0.65120283 | N46: =K46+L46 -> -383.16251 | O46: =SUM(O59,O72) -> 23 | P46: =SUM(P59,P72) -> 0 | Q46: =IFERROR((X46+Z46)/V46,"") -> 0.62700379 | R46: =K46+P46 -> -406.16251 | S46: =SUM(S59,S72) -> 0 | T46: =SUM(T59,T72) -> 0 | U46: =SUM(U59,U72) -> 0 | V46: =SUM(V59,V72) -> 5923277.4 | W46: =SUM(W59,W72) -> 6149753.7 | X46: =SUM(X59,X72) -> 3713917.4 | Y46: =SUM(Y59,Y72) -> 143337.61 | Z46: =SUM(Z59,Z72) -> 0 | AB46: 江蓓 | AC46: 2.4128115 | AD46: 0 | AE46: 0 | AF46: 0 | AG46: 0 | AH46: 0 | AI46: 1.0960324 | AJ46: 0 | AK46: 0 | AN46: 江蓓 | AO46: 2.638164 | AP46: 0.77511342 | AQ46: 0 | AR46: 0 | AS46: 0.82002541 | AT46: 0.32986373 | AV46: 江蓓 | AW46: 2.638164 | AX46: #DIV/0! | AY46: 0.77511342 | AZ46: #DIV/0! | BC46: (空白)Herceptin SC | BD46: 11
C47: I-折算9mg | E47: =SUM(E60,E73) -> 19.380954 | F47: =SUM(F60,F73) -> 47.539017 | G47: =SUM(G60,G73) -> 19.333333 | H47: =IFERROR(W47/V47,"") -> 2.4528712 | I47: =IFERROR(X47/V47,"") -> 0.99754245 | J47: =IFERROR(X47/W47,"") -> 0.40668358 | K47: =G47-F47 -> -28.205684 | L47: =O47 -> 0 | M47: =IFERROR((X47+Y47)/V47,"") -> 0.99754245 | N47: =K47+L47 -> -28.205684 | O47: =SUM(O60,O73) -> 0 | P47: =SUM(P60,P73) -> 0 | Q47: =IFERROR((X47+Z47)/V47,"") -> 0.99754245 | R47: =K47+P47 -> -28.205684 | S47: =SUM(S60,S73) -> 0 | T47: =SUM(T60,T73) -> 0 | U47: =SUM(U60,U73) -> 0 | V47: =SUM(V60,V73) -> 207338.61 | W47: =SUM(W60,W73) -> 508574.89 | X47: =SUM(X60,X73) -> 206829.06 | Y47: =SUM(Y60,Y73) -> 0 | Z47: =SUM(Z60,Z73) -> 0 | AB47: 李芷娇 | AC47: 0.3604822 | AD47: 0.38487601 | AE47: 0 | AF47: 0 | AG47: 0 | AH47: 0 | AI47: 0.36840575 | AJ47: 0 | AK47: 0 | AN47: 李芷娇 | AO47: 1.0257249 | AP47: 0.11427823 | AQ47: 0.81517465 | AR47: 0.11473003 | AS47: 0.94615971 | AT47: 0.11443114 | AV47: 李芷娇 | AW47: 1.0257249 | AX47: 0.76936027 | AY47: 0.11427823 | AZ47: 0.084175084 | BC47: (空白)Itovebi 3mg | BD47: 6
C48: HIV | D48: 4535.5 | E48: =SUM(E61,E74) -> 226.92826 | F48: =SUM(F61,F74) -> 325.65985 | G48: =SUM(G61,G74) -> 513 | H48: =IFERROR(W48/V48,"") -> 1.4350784 | I48: =IFERROR(X48/V48,"") -> 2.2606263 | J48: =IFERROR(X48/W48,"") -> 1.5752633 | K48: =G48-F48 -> 187.34015 | L48: =O48 -> 2 | M48: =IFERROR((X48+Y48)/V48,"") -> 2.2694397 | N48: =K48+L48 -> 189.34015 | O48: =SUM(O61,O74) -> 2 | P48: =SUM(P61,P74) -> 0 | Q48: =IFERROR((X48+Z48)/V48,"") -> 2.2606263 | R48: =K48+P48 -> 187.34015 | S48: =SUM(S61,S74) -> 0 | T48: =SUM(T61,T74) -> 0 | U48: =SUM(U61,U74) -> 0 | V48: =SUM(V61,V74) -> 1029233.1 | W48: =SUM(W61,W74) -> 1477030.3 | X48: =SUM(X61,X74) -> 2326711.5 | Y48: =SUM(Y61,Y74) -> 9071 | Z48: =SUM(Z61,Z74) -> 0 | AB48: 邱春青 | AC48: 0.70059093 | AD48: 0.73298665 | AE48: 0 | AF48: 0 | AG48: 0 | AH48: 0 | AI48: 0.71620138 | AJ48: 0 | AK48: 0 | AN48: 邱春青 | AO48: 2.443334 | AP48: 0.22448802 | AQ48: 0.96403209 | AR48: 0.2210083 | AS48: 1.6246739 | AT48: 0.22275837 | AV48: 邱春青 | AW48: 2.443334 | AX48: 1.6301616 | AY48: 0.22448802 | AZ48: 0.1508079 | BC48: (空白)Itovebi 9mg | BD48: 0
C49: HSC | D49: 3444.49 | E49: =SUM(E62,E75) -> 557.18493 | F49: =SUM(F62,F75) -> 409.47462 | G49: =SUM(G62,G75) -> 243 | H49: =IFERROR(W49/V49,"") -> 0.73489894 | I49: =IFERROR(X49/V49,"") -> 0.43612091 | J49: =IFERROR(X49/W49,"") -> 0.59344338 | K49: =G49-F49 -> -166.47462 | L49: =O49 -> 1 | M49: =IFERROR((X49+Y49)/V49,"") -> 0.43791565 | N49: =K49+L49 -> -165.47462 | O49: =SUM(O62,O75) -> 1 | P49: =SUM(P62,P75) -> 0 | Q49: =IFERROR((X49+Z49)/V49,"") -> 0.43612091 | R49: =K49+P49 -> -166.47462 | S49: =SUM(S62,S75) -> 0 | T49: =SUM(T62,T75) -> 0 | U49: =SUM(U62,U75) -> 0 | V49: =SUM(V62,V75) -> 1919217.9 | W49: =SUM(W62,W75) -> 1410431.2 | X49: =SUM(X62,X75) -> 837011.07 | Y49: =SUM(Y62,Y75) -> 3444.49 | Z49: =SUM(Z62,Z75) -> 0 | AB49: 王伟 | AC49: 0.4921003 | AD49: 1.2908785 | AE49: 0 | AF49: 0 | AG49: 0 | AH49: 0 | AI49: 1.0774327 | AJ49: 0 | AK49: 0 | AN49: 王伟 | AO49: 1.1562 | AP49: 0.15808673 | AQ49: 1.4916633 | AR49: 0.40182666 | AS49: 1.3742368 | AT49: 0.33818883 | AV49: 王伟 | AW49: 1.1562 | AX49: 0.5 | AY49: 0.15808673 | AZ49: 0.051322418 | BC49: (空白)Perjeta | BD49: 33
C50: PIV | D50: 3985.87 | E50: =SUM(E63,E76) -> 454.36771 | F50: =SUM(F63,F76) -> 517.17543 | G50: =SUM(G63,G76) -> 477 | H50: =IFERROR(W50/V50,"") -> 1.1382311 | I50: =IFERROR(X50/V50,"") -> 1.0498105 | J50: =IFERROR(X50/W50,"") -> 0.92231759 | K50: =G50-F50 -> -40.175434 | L50: =O50 -> 2 | M50: =IFERROR((X50+Y50)/V50,"") -> 1.0542122 | N50: =K50+L50 -> -38.175434 | O50: =SUM(O63,O76) -> 2 | P50: =SUM(P63,P76) -> 0 | Q50: =IFERROR((X50+Z50)/V50,"") -> 1.0498105 | R50: =K50+P50 -> -40.175434 | S50: =SUM(S63,S76) -> 0 | T50: =SUM(T63,T76) -> 0 | U50: =SUM(U63,U76) -> 0 | V50: =SUM(V63,V76) -> 1811050.6 | W50: =SUM(W63,W76) -> 2061394 | X50: =SUM(X63,X76) -> 1901260 | Y50: =SUM(Y63,Y76) -> 7971.74 | Z50: =SUM(Z63,Z76) -> 0 | AB50: 熊荣生 | AC50: 0.6462732 | AD50: 0.97249216 | AE50: 0 | AF50: 0 | AG50: 0 | AH50: 0 | AI50: 0.76062382 | AJ50: 0 | AK50: 0 | AN50: 熊荣生 | AO50: 0.85285672 | AP50: 0.20696634 | AQ50: 0.74931274 | AR50: 0.28861231 | AS50: 0.81830642 | AT50: 0.23701628 | AV50: 熊荣生 | AW50: 0.85285672 | AX50: 0.66534653 | AY50: 0.20696634 | AZ50: 0.15848923 | BC50: (空白)Phesgo 10ml | BD50: 30
C51: P-10ml | D51: 6232.07 | E51: =SUM(E64,E77) -> 868.7195 | F51: =SUM(F64,F77) -> 894.16251 | G51: =SUM(G64,G77) -> 536 | H51: =IFERROR(W51/V51,"") -> 1.0292879 | I51: =IFERROR(X51/V51,"") -> 0.61700008 | J51: =IFERROR(X51/W51,"") -> 0.59944361 | K51: =G51-F51 -> -358.16251 | L51: =O51 -> 23 | M51: =IFERROR((X51+Y51)/V51,"") -> 0.64347583 | N51: =K51+L51 -> -335.16251 | O51: =SUM(O64,O77) -> 23 | P51: =SUM(P64,P77) -> 0 | Q51: =IFERROR((X51+Z51)/V51,"") -> 0.61700008 | R51: =K51+P51 -> -358.16251 | S51: =SUM(S64,S77) -> 0 | T51: =SUM(T64,T77) -> 0 | U51: =SUM(U64,U77) -> 0 | V51: =SUM(V64,V77) -> 5413920.8 | W51: =SUM(W64,W77) -> 5572483.3 | X51: =SUM(X64,X77) -> 3340389.5 | Y51: =SUM(Y64,Y77) -> 143337.61 | Z51: =SUM(Z64,Z77) -> 0 | AB51: 张畅 | AC51: 0.37314851 | AD51: #DIV/0! | AE51: 0 | AF51: #DIV/0! | AG51: 0 | AH51: #DIV/0! | AI51: 0.37314851 | AJ51: 0 | AK51: 0 | AN51: 张畅 | AO51: 0.2417907 | AP51: 0.099136849 | AQ51: #DIV/0! | AR51: #DIV/0! | AS51: 0.2417907 | AT51: 0.099136849 | AV51: 张畅 | AW51: 0.2417907 | AX51: #DIV/0! | AY51: 0.099136849 | AZ51: #DIV/0! | BC51: (空白)Phesgo 15ml | BD51: 1
C52: P-15ml | D52: 8489.27 | E52: =SUM(E65,E78) -> 60.000051 | F52: =SUM(F65,F78) -> 68 | G52: =SUM(G65,G78) -> 44 | H52: =IFERROR(W52/V52,"") -> 1.1333324 | I52: =IFERROR(X52/V52,"") -> 0.73333271 | J52: =IFERROR(X52/W52,"") -> 0.64705882 | K52: =G52-F52 -> -24 | L52: =O52 -> 0 | M52: =IFERROR((X52+Y52)/V52,"") -> 0.73333271 | N52: =K52+L52 -> -24 | O52: =SUM(O65,O78) -> 0 | P52: =SUM(P65,P78) -> 0 | Q52: =IFERROR((X52+Z52)/V52,"") -> 0.73333271 | R52: =K52+P52 -> -24 | S52: =SUM(S65,S78) -> 0 | T52: =SUM(T65,T78) -> 0 | U52: =SUM(U65,U78) -> 0 | V52: =SUM(V65,V78) -> 509356.63 | W52: =SUM(W65,W78) -> 577270.36 | X52: =SUM(X65,X78) -> 373527.88 | Y52: =SUM(Y65,Y78) -> 0 | Z52: =SUM(Z65,Z78) -> 0 | AB52: 赵印婷 | AC52: 0.34823115 | AD52: 1.0356806 | AE52: 0 | AF52: 0 | AG52: 0 | AH52: 0 | AI52: 0.67149896 | AJ52: 0 | AK52: 0 | AN52: 赵印婷 | AO52: 0.77546967 | AP52: 0.11146677 | AQ52: 0.8649025 | AR52: 0.30450191 | AS52: 0.81071082 | AT52: 0.20633527 | AV52: 赵印婷 | AW52: 0.77546967 | AX52: 0.62702703 | AY52: 0.11146677 | AZ52: 0.077083333
C53: I-3mg | D53: 3566.02 | E53: =SUM(E66,E79) -> 58.142861 | F53: =SUM(F66,F79) -> 34.617051 | G53: =SUM(G66,G79) -> 28 | H53: =IFERROR(W53/V53,"") -> 0.59537921 | I53: =IFERROR(X53/V53,"") -> 0.48157245 | J53: =IFERROR(X53/W53,"") -> 0.80884996 | K53: =G53-F53 -> -6.6170506 | L53: =O53 -> 0 | M53: =IFERROR((X53+Y53)/V53,"") -> 0.48157245 | N53: =K53+L53 -> -6.6170506 | O53: =SUM(O66,O79) -> 0 | P53: =SUM(P66,P79) -> 0 | Q53: =IFERROR((X53+Z53)/V53,"") -> 0.48157245 | R53: =K53+P53 -> -6.6170506 | S53: =SUM(S66,S79) -> 0 | T53: =SUM(T66,T79) -> 0 | U53: =SUM(U66,U79) -> 0 | V53: =SUM(V66,V79) -> 207338.61 | W53: =SUM(W66,W79) -> 123445.09 | X53: =SUM(X66,X79) -> 99848.56 | Y53: =SUM(Y66,Y79) -> 0 | Z53: =SUM(Z66,Z79) -> 0 | AB53: 总计 | AC53: 0.66400748 | AD53: 0.84958707 | AE53: 0 | AF53: 0 | AG53: 0 | AH53: 0 | AI53: 0.7428867 | AJ53: 0 | AK53: 0 | AN53: 总计 | AO53: 1.0860268 | AP53: 0.21096266 | AQ53: 0.96059837 | AR53: 0.25412929 | AS53: 1.025007 | AT53: 0.22994907 | AV53: 总计 | AW53: 1.0860268 | AX53: 0.49194662 | AY53: 0.21096266 | AZ53: 0.10778749
C54: I-9mg | D54: 10698.05 | E54: =SUM(E67,E80) -> 0 | F54: =SUM(F67,F80) -> 36 | G54: =SUM(G67,G80) -> 10 | H54: =IFERROR(W54/V54,"") | I54: =IFERROR(X54/V54,"") | J54: =IFERROR(X54/W54,"") -> 0.27777778 | K54: =G54-F54 -> -26 | L54: =O54 -> 0 | M54: =IFERROR((X54+Y54)/V54,"") | N54: =K54+L54 -> -26 | O54: =SUM(O67,O80) -> 0 | P54: =SUM(P67,P80) -> 0 | Q54: =IFERROR((X54+Z54)/V54,"") | R54: =K54+P54 -> -26 | S54: =SUM(S67,S80) -> 0 | T54: =SUM(T67,T80) -> 0 | U54: =SUM(U67,U80) -> 0 | V54: =SUM(V67,V80) -> 0 | W54: =SUM(W67,W80) -> 385129.8 | X54: =SUM(X67,X80) -> 106980.5 | Y54: =SUM(Y67,Y80) -> 0 | Z54: =SUM(Z67,Z80) -> 0
B55: 林丽贞 | C55: 全产品 | H55: =IFERROR(W55/V55,"") -> 1.0806174 | I55: =IFERROR(X55/V55,"") -> 0.91456628 | J55: =IFERROR(X55/W55,"") -> 0.84633682 | K55: =(X55-W55)/10000 -> -87.880926 | L55: =Y55/10000 -> 7.478484 | M55: =IFERROR((X55+Y55)/V55,"") -> 0.92869688 | N55: =K55+L55 -> -80.402442 | P55: =Z55/10000 -> 0 | Q55: =IFERROR((X55+Z55)/V55,"") -> 0.91456628 | R55: =K55+P55 -> -87.880926 | V55: =SUM(V61:V67) -> 5292402.3 | W55: =SUM(W61:W67) -> 5719061.9 | X55: =SUM(X61:X67) -> 4840252.6 | Y55: =SUM(Y61:Y67) -> 74784.84 | Z55: =SUM(Z61:Z67) -> 0
C56: 策略 | H56: =IFERROR(W56/V56,"") -> 1.0009676 | I56: =IFERROR(X56/V56,"") -> 0.73990577 | J56: =IFERROR(X56/W56,"") -> 0.73919051 | K56: =(X56-W56)/10000 -> -83.577936 | L56: =Y56/10000 -> 7.478484 | M56: =IFERROR((X56+Y56)/V56,"") -> 0.76326537 | N56: =K56+L56 -> -76.099452 | P56: =Z56/10000 -> 0 | Q56: =IFERROR((X56+Z56)/V56,"") -> 0.73990577 | R56: =K56+P56 -> -83.577936 | V56: =SUM(V64:V67) -> 3201461 | W56: =SUM(W64:W67) -> 3204558.8 | X56: =SUM(X64:X67) -> 2368779.5 | Y56: =SUM(Y64:Y67) -> 74784.84 | Z56: =SUM(Z64:Z67) -> 0
C57: HF | E57: =SUM(E61:E62,E64:E65) -> 761.87517 | F57: =SUM(F61:F62,F64:F65) -> 712 | G57: =SUM(G61:G62,G64:G65) -> 657 | H57: =IFERROR(W57/V57,"") -> 0.94166076 | I57: =IFERROR(X57/V57,"") -> 0.85690027 | J57: =IFERROR(X57/W57,"") -> 0.9099883 | K57: =G57-F57 -> -55 | L57: =O57 -> 12 | M57: =IFERROR((X57+Y57)/V57,"") -> 0.8750781 | N57: =K57+L57 -> -43 | O57: =SUM(O61:O62,O64:O65) -> 12 | P57: =SUM(P61:P62,P64:P65) -> 0 | Q57: =IFERROR((X57+Z57)/V57,"") -> 0.85690027 | R57: =K57+P57 -> -55 | S57: =SUM(S61:S62,S64:S65) -> 0 | T57: =SUM(T61:T62,T64:T65) -> 0 | U57: =SUM(U61:U62,U64:U65) -> 0 | V57: =SUM(V61:V62,V64:V65) -> 4114068.4 | W57: =SUM(W61:W62,W64:W65) -> 3874056.7 | X57: =SUM(X61:X62,X64:X65) -> 3525346.3 | Y57: =SUM(Y61:Y62,Y64:Y65) -> 74784.84 | Z57: =SUM(Z61:Z62,Z64:Z65) -> 0 | AB57: 产品分类 | AC57: (全部)
C58: PF | E58: =E63+E64+E65*2 -> 785.08183 | F58: =F63+F64+F65*2 -> 832 | G58: =G63+G64+G65*2 -> 670 | H58: =IFERROR(W58/V58,"") -> 1.0152772 | I58: =IFERROR(X58/V58,"") -> 0.8175107 | J58: =IFERROR(X58/W58,"") -> 0.80520936 | K58: =G58-F58 -> -162 | L58: =O58 -> 12 | M58: =IFERROR((X58+Y58)/V58,"") -> 0.83546306 | N58: =K58+L58 -> -150 | O58: =O63+O64+O65*2 -> 12 | P58: =P63+P64+P65*2 -> 0 | Q58: =IFERROR((X58+Z58)/V58,"") -> 0.8175107 | R58: =K58+P58 -> -162 | S58: =S63+S64+S65*2 -> 0 | T58: =T63+T64+T65*2 -> 0 | U58: =U63+U64+U65*2 -> 0 | V58: =SUM(V63:V65) -> 4165739.2 | W58: =SUM(W63:W65) -> 4229380 | X58: =SUM(X63:X65) -> 3405536.4 | Y58: =SUM(Y63:Y65) -> 74784.84 | Z58: =SUM(Z63:Z65) -> 0 | AB58: 产品 | AC58: (全部)
C59: P-折算10ml | E59: =E64+E65*2 -> 516.30586 | F59: =F64+F65*2 -> 472 | G59: =G64+G65*2 -> 375 | H59: =IFERROR(W59/V59,"") -> 0.9030626 | I59: =IFERROR(X59/V59,"") -> 0.72055354 | J59: =IFERROR(X59/W59,"") -> 0.79789988 | K59: =G59-F59 -> -97 | L59: =O59 -> 12 | M59: =IFERROR((X59+Y59)/V59,"") -> 0.74472108 | N59: =K59+L59 -> -85 | O59: =O64+O65*2 -> 12 | P59: =P64+P65*2 -> 0 | Q59: =IFERROR((X59+Z59)/V59,"") -> 0.72055354 | R59: =K59+P59 -> -97 | S59: =S64+S65*2 -> 0 | T59: =T64+T65*2 -> 0 | U59: =U64+U65*2 -> 0 | V59: =SUM(V64:V65) -> 3094433.2 | W59: =SUM(W64:W65) -> 2794466.8 | X59: =SUM(X64:X65) -> 2229704.8 | Y59: =SUM(Y64:Y65) -> 74784.84 | Z59: =SUM(Z64:Z65) -> 0
C60: I-折算9mg | E60: =E66/3+E67 -> 10.004415 | F60: =F66/3+F67 -> 38.333333 | G60: =G66/3+G67 -> 13 | H60: =IFERROR(W60/V60,"") -> 3.8316386 | I60: =IFERROR(X60/V60,"") -> 1.2994256 | J60: =IFERROR(X60/W60,"") -> 0.33913053 | K60: =G60-F60 -> -25.333333 | L60: =O60 -> 0 | M60: =IFERROR((X60+Y60)/V60,"") -> 1.2994256 | N60: =K60+L60 -> -25.333333 | O60: =O66/3+O67 -> 0 | P60: =P66/3+P67 -> 0 | Q60: =IFERROR((X60+Z60)/V60,"") -> 1.2994256 | R60: =K60+P60 -> -25.333333 | S60: =S66/3+S67 -> 0 | T60: =T66/3+T67 -> 0 | U60: =U66/3+U67 -> 0 | V60: =SUM(V66:V67) -> 107027.83 | W60: =SUM(W66:W67) -> 410091.98 | X60: =SUM(X66:X67) -> 139074.71 | Y60: =SUM(Y66:Y67) -> 0 | Z60: =SUM(Z66:Z67) -> 0 | AB60: 行标签 | AC60: 4月 | AD60: 5月 | AE60: 6月
A61: 林丽贞Herceptin IV | C61: HIV | D61: 4535.5 | E61: 61.406254 | F61: 115 | G61: =_xlfn.XLOOKUP(A61,BC:BC,BD:BD,0) -> 212 | H61: =IFERROR(W61/V61,"") -> 1.8727734 | I61: =IFERROR(X61/V61,"") -> 3.4524171 | J61: =IFERROR(X61/W61,"") -> 1.8434783 | K61: =G61-F61 -> 97 | L61: =O61 -> 0 | M61: =IFERROR((X61+Y61)/V61,"") -> 3.4524171 | N61: =K61+L61 -> 97 | P61: =SUM(S61:U61) -> 0 | Q61: =IFERROR((X61+Z61)/V61,"") -> 3.4524171 | R61: =K61+P61 -> 97 | V61: =E61*D61 -> 278508.07 | W61: =F61*D61 -> 521582.5 | X61: =G61*D61 -> 961526 | Y61: =L61*D61 -> 0 | Z61: =P61*D61 -> 0 | AB61: (空白) | AC61: #DIV/0! | AD61: #DIV/0! | AE61: #DIV/0!
A62: 林丽贞Herceptin SC | C62: HSC | D62: 3444.49 | E62: 215.16309 | F62: 162 | G62: =_xlfn.XLOOKUP(A62,BC:BC,BD:BD,0) -> 97 | H62: =IFERROR(W62/V62,"") -> 0.75291722 | I62: =IFERROR(X62/V62,"") -> 0.45082081 | J62: =IFERROR(X62/W62,"") -> 0.59876543 | K62: =G62-F62 -> -65 | L62: =O62 -> 0 | M62: =IFERROR((X62+Y62)/V62,"") -> 0.45082081 | N62: =K62+L62 -> -65 | P62: =SUM(S62:U62) -> 0 | Q62: =IFERROR((X62+Z62)/V62,"") -> 0.45082081 | R62: =K62+P62 -> -65 | V62: =E62*D62 -> 741127.13 | W62: =F62*D62 -> 558007.38 | X62: =G62*D62 -> 334115.53 | Y62: =L62*D62 -> 0 | Z62: =P62*D62 -> 0 | AB62: 江西一圈 | AC62: 0.66914581 | AD62: 0 | AE62: 0
A63: 林丽贞Perjeta | C63: PIV | D63: 3985.87 | E63: 268.77597 | F63: 360 | G63: =_xlfn.XLOOKUP(A63,BC:BC,BD:BD,0) -> 295 | H63: =IFERROR(W63/V63,"") -> 1.3394055 | I63: =IFERROR(X63/V63,"") -> 1.0975684 | J63: =IFERROR(X63/W63,"") -> 0.81944444 | K63: =G63-F63 -> -65 | L63: =O63 -> 0 | M63: =IFERROR((X63+Y63)/V63,"") -> 1.0975684 | N63: =K63+L63 -> -65 | P63: =SUM(S63:U63) -> 0 | Q63: =IFERROR((X63+Z63)/V63,"") -> 1.0975684 | R63: =K63+P63 -> -65 | V63: =E63*D63 -> 1071306.1 | W63: =F63*D63 -> 1434913.2 | X63: =G63*D63 -> 1175831.6 | Y63: =L63*D63 -> 0 | Z63: =P63*D63 -> 0 | AB63: 林丽贞 | AC63: 0.78118477 | AD63: 0 | AE63: 0
A64: 林丽贞Phesgo 10ml | C64: P-10ml | D64: 6232.07 | E64: 454.30579 | F64: 398 | G64: =_xlfn.XLOOKUP(A64,BC:BC,BD:BD,0) -> 321 | H64: =IFERROR(W64/V64,"") -> 0.87606192 | I64: =IFERROR(X64/V64,"") -> 0.70657255 | J64: =IFERROR(X64/W64,"") -> 0.80653266 | K64: =G64-F64 -> -77 | L64: =O64 -> 12 | M64: =IFERROR((X64+Y64)/V64,"") -> 0.73298648 | N64: =K64+L64 -> -65 | O64: 12 | P64: =SUM(S64:U64) -> 0 | Q64: =IFERROR((X64+Z64)/V64,"") -> 0.70657255 | R64: =K64+P64 -> -77 | V64: =E64*D64 -> 2831265.5 | W64: =F64*D64 -> 2480363.9 | X64: =G64*D64 -> 2000494.5 | Y64: =L64*D64 -> 74784.84 | Z64: =P64*D64 -> 0 | AB64: 唐晓玉 | AC64: 0.97281668 | AD64: 0 | AE64: 0
A65: 林丽贞Phesgo 15ml | C65: P-15ml | D65: 8489.27 | E65: 31.000039 | F65: 37 | G65: =_xlfn.XLOOKUP(A65,BC:BC,BD:BD,0) -> 27 | H65: =IFERROR(W65/V65,"") -> 1.1935469 | I65: =IFERROR(X65/V65,"") -> 0.87096665 | J65: =IFERROR(X65/W65,"") -> 0.72972973 | K65: =G65-F65 -> -10 | L65: =O65 -> 0 | M65: =IFERROR((X65+Y65)/V65,"") -> 0.87096665 | N65: =K65+L65 -> -10 | P65: =SUM(S65:U65) -> 0 | Q65: =IFERROR((X65+Z65)/V65,"") -> 0.87096665 | R65: =K65+P65 -> -10 | V65: =E65*D65 -> 263167.7 | W65: =F65*D65 -> 314102.99 | X65: =G65*D65 -> 229210.29 | Y65: =L65*D65 -> 0 | Z65: =P65*D65 -> 0 | AB65: 许辉容 | AC65: 0.72516954 | AD65: 0 | AE65: 0
A66: 林丽贞Itovebi 3mg | C66: I-3mg | D66: 3566.02 | E66: 30.013245 | F66: 19 | G66: =_xlfn.XLOOKUP(A66,BC:BC,BD:BD,0) -> 18 | H66: =IFERROR(W66/V66,"") -> 0.63305383 | I66: =IFERROR(X66/V66,"") -> 0.59973521 | J66: =IFERROR(X66/W66,"") -> 0.94736842 | K66: =G66-F66 -> -1 | L66: =O66 -> 0 | M66: =IFERROR((X66+Y66)/V66,"") -> 0.59973521 | N66: =K66+L66 -> -1 | P66: =SUM(S66:U66) -> 0 | Q66: =IFERROR((X66+Z66)/V66,"") -> 0.59973521 | R66: =K66+P66 -> -1 | V66: =E66*D66 -> 107027.83 | W66: =F66*D66 -> 67754.38 | X66: =G66*D66 -> 64188.36 | Y66: =L66*D66 -> 0 | Z66: =P66*D66 -> 0 | AB66: 钟明珠 | AC66: 0.80318695 | AD66: 0 | AE66: 0
A67: 林丽贞Itovebi 9mg | C67: I-9mg | D67: 10698.05 | E67: 0 | F67: 32 | G67: =_xlfn.XLOOKUP(A67,BC:BC,BD:BD,0) -> 7 | H67: =IFERROR(W67/V67,"") | I67: =IFERROR(X67/V67,"") | J67: =IFERROR(X67/W67,"") -> 0.21875 | K67: =G67-F67 -> -25 | L67: =O67 -> 0 | M67: =IFERROR((X67+Y67)/V67,"") | N67: =K67+L67 -> -25 | P67: =SUM(S67:U67) -> 0 | Q67: =IFERROR((X67+Z67)/V67,"") | R67: =K67+P67 -> -25 | V67: =E67*D67 -> 0 | W67: =F67*D67 -> 342337.6 | X67: =G67*D67 -> 74886.35 | Y67: =L67*D67 -> 0 | Z67: =P67*D67 -> 0 | AB67: 周小英 | AC67: 0.66971324 | AD67: 0 | AE67: 0
B68: 许辉容 | C68: 全产品 | H68: =IFERROR(W68/V68,"") -> 1.0518795 | I68: =IFERROR(X68/V68,"") -> 0.74056576 | J68: =IFERROR(X68/W68,"") -> 0.70404048 | K68: =(X68-W68)/10000 -> -174.26458 | L68: =Y68/10000 -> 8.904 | M68: =IFERROR((X68+Y68)/V68,"") -> 0.75647225 | N68: =K68+L68 -> -165.36058 | P68: =Z68/10000 -> 0 | Q68: =IFERROR((X68+Z68)/V68,"") -> 0.74056576 | R68: =K68+P68 -> -174.26458 | V68: =SUM(V74:V80) -> 5597715.4 | W68: =SUM(W74:W80) -> 5888122.2 | X68: =SUM(X74:X80) -> 4145476.4 | Y68: =SUM(Y74:Y80) -> 89040 | Z68: =SUM(Z74:Z80) -> 0 | AB68: 总计 | AC68: 0.76070371 | AD68: 0 | AE68: 0
C69: 策略 | H69: =IFERROR(W69/V69,"") -> 1.1791011 | I69: =IFERROR(X69/V69,"") -> 0.52983437 | J69: =IFERROR(X69/W69,"") -> 0.4493545 | K69: =(X69-W69)/10000 -> -190.18028 | L69: =Y69/10000 -> 6.855277 | M69: =IFERROR((X69+Y69)/V69,"") -> 0.55323797 | N69: =K69+L69 -> -183.325 | P69: =Z69/10000 -> 0 | Q69: =IFERROR((X69+Z69)/V69,"") -> 0.52983437 | R69: =K69+P69 -> -190.18028 | V69: =SUM(V77:V80) -> 2929155 | W69: =SUM(W77:W80) -> 3453769.8 | X69: =SUM(X77:X80) -> 1551967 | Y69: =SUM(Y77:Y80) -> 68552.77 | Z69: =SUM(Z77:Z80) -> 0
C70: HF | E70: =SUM(E74:E75,E77:E78) -> 950.95757 | F70: =SUM(F74:F75,F77:F78) -> 985.29697 | G70: =SUM(G74:G75,G77:G78) -> 679 | H70: =IFERROR(W70/V70,"") -> 1.0852306 | I70: =IFERROR(X70/V70,"") -> 0.70460975 | J70: =IFERROR(X70/W70,"") -> 0.6492719 | K70: =G70-F70 -> -306.29697 | L70: =O70 -> 14 | M70: =IFERROR((X70+Y70)/V70,"") -> 0.72164927 | N70: =K70+L70 -> -292.29697 | O70: =SUM(O74:O75,O77:O78) -> 14 | P70: =SUM(P74:P75,P77:P78) -> 0 | Q70: =IFERROR((X70+Z70)/V70,"") -> 0.70460975 | R70: =K70+P70 -> -306.29697 | S70: =SUM(S74:S75,S77:S78) -> 0 | T70: =SUM(T74:T75,T77:T78) -> 0 | U70: =SUM(U74:U75,U77:U78) -> 0 | V70: =SUM(V74:V75,V77:V78) -> 4757660.1 | W70: =SUM(W74:W75,W77:W78) -> 5163158.4 | X70: =SUM(X74:X75,X77:X78) -> 3352293.7 | Y70: =SUM(Y74:Y75,Y77:Y78) -> 81068.26 | Z70: =SUM(Z74:Z75,Z77:Z78) -> 0
C71: PF | E71: =E76+E77+E78*2 -> 658.00548 | F71: =F76+F77+F78*2 -> 715.33794 | G71: =G76+G77+G78*2 -> 431 | H71: =IFERROR(W71/V71,"") -> 1.1157822 | I71: =IFERROR(X71/V71,"") -> 0.61919182 | J71: =IFERROR(X71/W71,"") -> 0.5549397 | K71: =G71-F71 -> -284.33794 | L71: =O71 -> 13 | M71: =IFERROR((X71+Y71)/V71,"") -> 0.64063574 | N71: =K71+L71 -> -271.33794 | O71: =O76+O77+O78*2 -> 13 | P71: =P76+P77+P78*2 -> 0 | Q71: =IFERROR((X71+Z71)/V71,"") -> 0.61919182 | R71: =K71+P71 -> -284.33794 | S71: =S76+S77+S78*2 -> 0 | T71: =T76+T77+T78*2 -> 0 | U71: =U76+U77+U78*2 -> 0 | V71: =SUM(V76:V78) -> 3568588.8 | W71: =SUM(W76:W78) -> 3981767.7 | X71: =SUM(X76:X78) -> 2209641 | Y71: =SUM(Y76:Y78) -> 76524.51 | Z71: =SUM(Z76:Z78) -> 0
C72: P-折算10ml | E72: =E77+E78*2 -> 472.41374 | F72: =F77+F78*2 -> 558.16251 | G72: =G77+G78*2 -> 249 | H72: =IFERROR(W72/V72,"") -> 1.1860981 | I72: =IFERROR(X72/V72,"") -> 0.52467104 | J72: =IFERROR(X72/W72,"") -> 0.44235045 | K72: =G72-F72 -> -309.16251 | L72: =O72 -> 11 | M72: =IFERROR((X72+Y72)/V72,"") -> 0.54890453 | N72: =K72+L72 -> -298.16251 | O72: =O77+O78*2 -> 11 | P72: =P77+P78*2 -> 0 | Q72: =IFERROR((X72+Z72)/V72,"") -> 0.52467104 | R72: =K72+P72 -> -309.16251 | S72: =S77+S78*2 -> 0 | T72: =T77+T78*2 -> 0 | U72: =U77+U78*2 -> 0 | V72: =SUM(V77:V78) -> 2828844.2 | W72: =SUM(W77:W78) -> 3355286.8 | X72: =SUM(X77:X78) -> 1484212.6 | Y72: =SUM(Y77:Y78) -> 68552.77 | Z72: =SUM(Z77:Z78) -> 0
C73: I-折算9mg | E73: =E79/3+E80 -> 9.3765386 | F73: =F79/3+F80 -> 9.2056835 | G73: =G79/3+G80 -> 6.3333333 | H73: =IFERROR(W73/V73,"") -> 0.98177806 | I73: =IFERROR(X73/V73,"") -> 0.67544441 | J73: =IFERROR(X73/W73,"") -> 0.68798075 | K73: =G73-F73 -> -2.8723502 | L73: =O73 -> 0 | M73: =IFERROR((X73+Y73)/V73,"") -> 0.67544441 | N73: =K73+L73 -> -2.8723502 | O73: =O79/3+O80 -> 0 | P73: =P79/3+P80 -> 0 | Q73: =IFERROR((X73+Z73)/V73,"") -> 0.67544441 | R73: =K73+P73 -> -2.8723502 | S73: =S79/3+S80 -> 0 | T73: =T79/3+T80 -> 0 | U73: =U79/3+U80 -> 0 | V73: =SUM(V79:V80) -> 100310.77 | W73: =SUM(W79:W80) -> 98482.915 | X73: =SUM(X79:X80) -> 67754.35 | Y73: =SUM(Y79:Y80) -> 0 | Z73: =SUM(Z79:Z80) -> 0
A74: 许辉容Herceptin IV | C74: HIV | D74: 4535.5 | E74: 165.52201 | F74: 210.65985 | G74: =_xlfn.XLOOKUP(A74,BC:BC,BD:BD,0) -> 301 | H74: =IFERROR(W74/V74,"") -> 1.2726999 | I74: =IFERROR(X74/V74,"") -> 1.8184893 | J74: =IFERROR(X74/W74,"") -> 1.4288437 | K74: =G74-F74 -> 90.340149 | L74: =O74 -> 2 | M74: =IFERROR((X74+Y74)/V74,"") -> 1.8305723 | N74: =K74+L74 -> 92.340149 | O74: 2 | P74: =SUM(S74:U74) -> 0 | Q74: =IFERROR((X74+Z74)/V74,"") -> 1.8184893 | R74: =K74+P74 -> 90.340149 | V74: =E74*D74 -> 750725.07 | W74: =F74*D74 -> 955447.75 | X74: =G74*D74 -> 1365185.5 | Y74: =L74*D74 -> 9071 | Z74: =P74*D74 -> 0
A75: 许辉容Herceptin SC | C75: HSC | D75: 3444.49 | E75: 342.02183 | F75: 247.47462 | G75: =_xlfn.XLOOKUP(A75,BC:BC,BD:BD,0) -> 146 | H75: =IFERROR(W75/V75,"") -> 0.72356379 | I75: =IFERROR(X75/V75,"") -> 0.42687333 | J75: =IFERROR(X75/W75,"") -> 0.5899595 | K75: =G75-F75 -> -101.47462 | L75: =O75 -> 1 | M75: =IFERROR((X75+Y75)/V75,"") -> 0.42979712 | N75: =K75+L75 -> -100.47462 | O75: 1 | P75: =SUM(S75:U75) -> 0 | Q75: =IFERROR((X75+Z75)/V75,"") -> 0.42687333 | R75: =K75+P75 -> -101.47462 | V75: =E75*D75 -> 1178090.8 | W75: =F75*D75 -> 852423.84 | X75: =G75*D75 -> 502895.54 | Y75: =L75*D75 -> 3444.49 | Z75: =P75*D75 -> 0
A76: 许辉容Perjeta | C76: PIV | D76: 3985.87 | E76: 185.59174 | F76: 157.17543 | G76: =_xlfn.XLOOKUP(A76,BC:BC,BD:BD,0) -> 182 | H76: =IFERROR(W76/V76,"") -> 0.8468881 | I76: =IFERROR(X76/V76,"") -> 0.9806471 | J76: =IFERROR(X76/W76,"") -> 1.1579418 | K76: =G76-F76 -> 24.824566 | L76: =O76 -> 2 | M76: =IFERROR((X76+Y76)/V76,"") -> 0.99142345 | N76: =K76+L76 -> 26.824566 | O76: 2 | P76: =SUM(S76:U76) -> 0 | Q76: =IFERROR((X76+Z76)/V76,"") -> 0.9806471 | R76: =K76+P76 -> 24.824566 | V76: =E76*D76 -> 739744.54 | W76: =F76*D76 -> 626480.85 | X76: =G76*D76 -> 725428.34 | Y76: =L76*D76 -> 7971.74 | Z76: =P76*D76 -> 0
A77: 许辉容Phesgo 10ml | C77: P-10ml | D77: 6232.07 | E77: 414.41372 | F77: 496.16251 | G77: =_xlfn.XLOOKUP(A77,BC:BC,BD:BD,0) -> 215 | H77: =IFERROR(W77/V77,"") -> 1.1972637 | I77: =IFERROR(X77/V77,"") -> 0.51880522 | J77: =IFERROR(X77/W77,"") -> 0.43332577 | K77: =G77-F77 -> -281.16251 | L77: =O77 -> 11 | M77: =IFERROR((X77+Y77)/V77,"") -> 0.54534874 | N77: =K77+L77 -> -270.16251 | O77: 11 | P77: =SUM(S77:U77) -> 0 | Q77: =IFERROR((X77+Z77)/V77,"") -> 0.51880522 | R77: =K77+P77 -> -281.16251 | V77: =E77*D77 -> 2582655.3 | W77: =F77*D77 -> 3092119.5 | X77: =G77*D77 -> 1339895.1 | Y77: =L77*D77 -> 68552.77 | Z77: =P77*D77 -> 0
A78: 许辉容Phesgo 15ml | C78: P-15ml | D78: 8489.27 | E78: 29.000012 | F78: 31 | G78: =_xlfn.XLOOKUP(A78,BC:BC,BD:BD,0) -> 17 | H78: =IFERROR(W78/V78,"") -> 1.0689651 | I78: =IFERROR(X78/V78,"") -> 0.58620666 | J78: =IFERROR(X78/W78,"") -> 0.5483871 | K78: =G78-F78 -> -14 | L78: =O78 -> 0 | M78: =IFERROR((X78+Y78)/V78,"") -> 0.58620666 | N78: =K78+L78 -> -14 | P78: =SUM(S78:U78) -> 0 | Q78: =IFERROR((X78+Z78)/V78,"") -> 0.58620666 | R78: =K78+P78 -> -14 | V78: =E78*D78 -> 246188.93 | W78: =F78*D78 -> 263167.37 | X78: =G78*D78 -> 144317.59 | Y78: =L78*D78 -> 0 | Z78: =P78*D78 -> 0
A79: 许辉容Itovebi 3mg | C79: I-3mg | D79: 3566.02 | E79: 28.129616 | F79: 15.617051 | G79: =_xlfn.XLOOKUP(A79,BC:BC,BD:BD,0) -> 10 | H79: =IFERROR(W79/V79,"") -> 0.5551818 | I79: =IFERROR(X79/V79,"") -> 0.35549721 | J79: =IFERROR(X79/W79,"") -> 0.64032577 | K79: =G79-F79 -> -5.6170506 | L79: =O79 -> 0 | M79: =IFERROR((X79+Y79)/V79,"") -> 0.35549721 | N79: =K79+L79 -> -5.6170506 | P79: =SUM(S79:U79) -> 0 | Q79: =IFERROR((X79+Z79)/V79,"") -> 0.35549721 | R79: =K79+P79 -> -5.6170506 | V79: =E79*D79 -> 100310.77 | W79: =F79*D79 -> 55690.715 | X79: =G79*D79 -> 35660.2 | Y79: =L79*D79 -> 0 | Z79: =P79*D79 -> 0
A80: 许辉容Itovebi 9mg | C80: I-9mg | D80: 10698.05 | E80: 0 | F80: 4 | G80: =_xlfn.XLOOKUP(A80,BC:BC,BD:BD,0) -> 3 | H80: =IFERROR(W80/V80,"") | I80: =IFERROR(X80/V80,"") | J80: =IFERROR(X80/W80,"") -> 0.75 | K80: =G80-F80 -> -1 | L80: =O80 -> 0 | M80: =IFERROR((X80+Y80)/V80,"") | N80: =K80+L80 -> -1 | P80: =SUM(S80:U80) -> 0 | Q80: =IFERROR((X80+Z80)/V80,"") | R80: =K80+P80 -> -1 | V80: =E80*D80 -> 0 | W80: =F80*D80 -> 42792.2 | X80: =G80*D80 -> 32094.15 | Y80: =L80*D80 -> 0 | Z80: =P80*D80 -> 0
B81: 上海市(非复肿） | C81: 全产品 | E81: =SUM(E94,E107) -> 0 | F81: =SUM(F94,F107) -> 0 | G81: =SUM(G94,G107) -> 0 | H81: =IFERROR(W81/V81,"") -> 1.0008789 | I81: =IFERROR(X81/V81,"") -> 0.75888473 | J81: =IFERROR(X81/W81,"") -> 0.75821836 | K81: =(X81-W81)/10000 -> -465.47714 | L81: =Y81/10000 -> 57.092855 | M81: =IFERROR((X81+Y81)/V81,"") -> 0.78856639 | N81: =K81+L81 -> -408.38428 | O81: =SUM(O94,O107) -> 0 | P81: =SUM(P94,P107) -> 0 | Q81: =IFERROR((X81+Z81)/V81,"") -> 0.75888473 | R81: =K81+P81 -> -465.47714 | S81: =SUM(S94,S107) -> 0 | T81: =SUM(T94,T107) -> 0 | U81: =SUM(U94,U107) -> 0 | V81: =SUM(V94,V107) -> 19235059 | W81: =SUM(W94,W107) -> 19251964 | X81: =SUM(X94,X107) -> 14597192 | Y81: =SUM(Y94,Y107) -> 570928.55 | Z81: =SUM(Z94,Z107) -> 0
C82: 策略 | E82: =SUM(E95,E108) -> 0 | F82: =SUM(F95,F108) -> 0 | G82: =SUM(G95,G108) -> 0 | H82: =IFERROR(W82/V82,"") -> 1.0329198 | I82: =IFERROR(X82/V82,"") -> 0.61740062 | J82: =IFERROR(X82/W82,"") -> 0.59772371 | K82: =(X82-W82)/10000 -> -465.87155 | L82: =Y82/10000 -> 26.105991 | M82: =IFERROR((X82+Y82)/V82,"") -> 0.64068502 | N82: =K82+L82 -> -439.76556 | O82: =SUM(O95,O108) -> 0 | P82: =SUM(P95,P108) -> 0 | Q82: =IFERROR((X82+Z82)/V82,"") -> 0.61740062 | R82: =K82+P82 -> -465.87155 | S82: =SUM(S95,S108) -> 0 | T82: =SUM(T95,T108) -> 0 | U82: =SUM(U95,U108) -> 0 | V82: =SUM(V95,V108) -> 11211795 | W82: =SUM(W95,W108) -> 11580885 | X82: =SUM(X95,X108) -> 6922169.5 | Y82: =SUM(Y95,Y108) -> 261059.91 | Z82: =SUM(Z95,Z108) -> 0
C83: HF | E83: =SUM(E96,E109) -> 3218.5137 | F83: =SUM(F96,F109) -> 3086.5 | G83: =SUM(G96,G109) -> 2170 | H83: =IFERROR(W83/V83,"") -> 0.98239228 | I83: =IFERROR(X83/V83,"") -> 0.65695533 | J83: =IFERROR(X83/W83,"") -> 0.66873014 | K83: =G83-F83 -> -916.5 | L83: =O83 -> 83 | M83: =IFERROR((X83+Y83)/V83,"") -> 0.68421424 | N83: =K83+L83 -> -833.5 | O83: =SUM(O96,O109) -> 83 | P83: =SUM(P96,P109) -> 0 | Q83: =IFERROR((X83+Z83)/V83,"") -> 0.65695533 | R83: =K83+P83 -> -916.5 | S83: =SUM(S96,S109) -> 0 | T83: =SUM(T96,T109) -> 0 | U83: =SUM(U96,U109) -> 0 | V83: =SUM(V96,V109) -> 16311739 | W83: =SUM(W96,W109) -> 16024526 | X83: =SUM(X96,X109) -> 10716084 | Y83: =SUM(Y96,Y109) -> 444640.27 | Z83: =SUM(Z96,Z109) -> 0
C84: PF | E84: =SUM(E97,E110) -> 2275.1617 | F84: =SUM(F97,F110) -> 2381 | G84: =SUM(G97,G110) -> 1706 | H84: =IFERROR(W84/V84,"") -> 1.0428541 | I84: =IFERROR(X84/V84,"") -> 0.70236142 | J84: =IFERROR(X84/W84,"") -> 0.67349925 | K84: =G84-F84 -> -675 | L84: =O84 -> 73 | M84: =IFERROR((X84+Y84)/V84,"") -> 0.73150132 | N84: =K84+L84 -> -602 | O84: =SUM(O97,O110) -> 73 | P84: =SUM(P97,P110) -> 0 | Q84: =IFERROR((X84+Z84)/V84,"") -> 0.70236142 | R84: =K84+P84 -> -675 | S84: =SUM(S97,S110) -> 0 | T84: =SUM(T97,T110) -> 0 | U84: =SUM(U97,U110) -> 0 | V84: =SUM(V97,V110) -> 12558452 | W84: =SUM(W97,W110) -> 13096633 | X84: =SUM(X97,X110) -> 8820572.4 | Y84: =SUM(Y97,Y110) -> 365952.09 | Z84: =SUM(Z97,Z110) -> 0
C85: P-折算10ml | E85: =SUM(E98,E111) -> 1739.5224 | F85: =SUM(F98,F111) -> 1786 | G85: =SUM(G98,G111) -> 981 | H85: =IFERROR(W85/V85,"") -> 1.0289324 | I85: =IFERROR(X85/V85,"") -> 0.56898711 | J85: =IFERROR(X85/W85,"") -> 0.55298782 | K85: =G85-F85 -> -805 | L85: =O85 -> 44 | M85: =IFERROR((X85+Y85)/V85,"") -> 0.59300618 | N85: =K85+L85 -> -761 | O85: =SUM(O98,O111) -> 44 | P85: =SUM(P98,P111) -> 0 | Q85: =IFERROR((X85+Z85)/V85,"") -> 0.56898711 | R85: =K85+P85 -> -805 | S85: =SUM(S98,S111) -> 0 | T85: =SUM(T98,T111) -> 0 | U85: =SUM(U98,U111) -> 0 | V85: =SUM(V98,V111) -> 10423464 | W85: =SUM(W98,W111) -> 10725040 | X85: =SUM(X98,X111) -> 5930816.7 | Y85: =SUM(Y98,Y111) -> 250361.86 | Z85: =SUM(Z98,Z111) -> 0
C86: I-折算9mg | E86: =SUM(E99,E112) -> 73.689194 | F86: =SUM(F99,F112) -> 80.000003 | G86: =SUM(G99,G112) -> 92.666667 | H86: =IFERROR(W86/V86,"") -> 1.0856407 | I86: =IFERROR(X86/V86,"") -> 1.2575331 | J86: =IFERROR(X86/W86,"") -> 1.1583326 | K86: =G86-F86 -> 12.666664 | L86: =O86 -> 1 | M86: =IFERROR((X86+Y86)/V86,"") -> 1.2711036 | N86: =K86+L86 -> 13.666664 | O86: =SUM(O99,O112) -> 1 | P86: =SUM(P99,P112) -> 0 | Q86: =IFERROR((X86+Z86)/V86,"") -> 1.2575331 | R86: =K86+P86 -> 12.666664 | S86: =SUM(S99,S112) -> 0 | T86: =SUM(T99,T112) -> 0 | U86: =SUM(U99,U112) -> 0 | V86: =SUM(V99,V112) -> 788331.42 | W86: =SUM(W99,W112) -> 855844.68 | X86: =SUM(X99,X112) -> 991352.82 | Y86: =SUM(Y99,Y112) -> 10698.05 | Z86: =SUM(Z99,Z112) -> 0
C87: HIV | D87: 4535.5 | E87: =SUM(E100,E113) -> 396.17652 | F87: =SUM(F100,F113) -> 429.5 | G87: =SUM(G100,G113) -> 487 | H87: =IFERROR(W87/V87,"") -> 1.0841127 | I87: =IFERROR(X87/V87,"") -> 1.22925 | J87: =IFERROR(X87/W87,"") -> 1.1338766 | K87: =G87-F87 -> 57.5 | L87: =O87 -> 36 | M87: =IFERROR((X87+Y87)/V87,"") -> 1.3201186 | N87: =K87+L87 -> 93.5 | O87: =SUM(O100,O113) -> 36 | P87: =SUM(P100,P113) -> 0 | Q87: =IFERROR((X87+Z87)/V87,"") -> 1.22925 | R87: =K87+P87 -> 57.5 | S87: =SUM(S100,S113) -> 0 | T87: =SUM(T100,T113) -> 0 | U87: =SUM(U100,U113) -> 0 | V87: =SUM(V100,V113) -> 1796858.6 | W87: =SUM(W100,W113) -> 1947997.2 | X87: =SUM(X100,X113) -> 2208788.5 | Y87: =SUM(Y100,Y113) -> 163278 | Z87: =SUM(Z100,Z113) -> 0
C88: HSC | D88: 3444.49 | E88: =SUM(E101,E114) -> 1187.8148 | F88: =SUM(F101,F114) -> 973 | G88: =SUM(G101,G114) -> 748 | H88: =IFERROR(W88/V88,"") -> 0.81915127 | I88: =IFERROR(X88/V88,"") -> 0.6297278 | J88: =IFERROR(X88/W88,"") -> 0.76875642 | K88: =G88-F88 -> -225 | L88: =O88 -> 9 | M88: =IFERROR((X88+Y88)/V88,"") -> 0.63730474 | N88: =K88+L88 -> -216 | O88: =SUM(O101,O114) -> 9 | P88: =SUM(P101,P114) -> 0 | Q88: =IFERROR((X88+Z88)/V88,"") -> 0.6297278 | R88: =K88+P88 -> -225 | S88: =SUM(S101,S114) -> 0 | T88: =SUM(T101,T114) -> 0 | U88: =SUM(U101,U114) -> 0 | V88: =SUM(V101,V114) -> 4091416.2 | W88: =SUM(W101,W114) -> 3351488.8 | X88: =SUM(X101,X114) -> 2576478.5 | Y88: =SUM(Y101,Y114) -> 31000.41 | Z88: =SUM(Z101,Z114) -> 0
C89: PIV | D89: 3985.87 | E89: =SUM(E102,E115) -> 535.63924 | F89: =SUM(F102,F115) -> 595 | G89: =SUM(G102,G115) -> 725 | H89: =IFERROR(W89/V89,"") -> 1.1108223 | I89: =IFERROR(X89/V89,"") -> 1.3535229 | J89: =IFERROR(X89/W89,"") -> 1.2184874 | K89: =G89-F89 -> 130 | L89: =O89 -> 29 | M89: =IFERROR((X89+Y89)/V89,"") -> 1.4076639 | N89: =K89+L89 -> 159 | O89: =SUM(O102,O115) -> 29 | P89: =SUM(P102,P115) -> 0 | Q89: =IFERROR((X89+Z89)/V89,"") -> 1.3535229 | R89: =K89+P89 -> 130 | S89: =SUM(S102,S115) -> 0 | T89: =SUM(T102,T115) -> 0 | U89: =SUM(U102,U115) -> 0 | V89: =SUM(V102,V115) -> 2134988.4 | W89: =SUM(W102,W115) -> 2371592.6 | X89: =SUM(X102,X115) -> 2889755.8 | Y89: =SUM(Y102,Y115) -> 115590.23 | Z89: =SUM(Z102,Z115) -> 0
C90: P-10ml | D90: 6232.07 | E90: =SUM(E103,E116) -> 1529.5223 | F90: =SUM(F103,F116) -> 1582 | G90: =SUM(G103,G116) -> 889 | H90: =IFERROR(W90/V90,"") -> 1.0343098 | I90: =IFERROR(X90/V90,"") -> 0.58122721 | J90: =IFERROR(X90/W90,"") -> 0.5619469 | K90: =G90-F90 -> -693 | L90: =O90 -> 32 | M90: =IFERROR((X90+Y90)/V90,"") -> 0.60214878 | N90: =K90+L90 -> -661 | O90: =SUM(O103,O116) -> 32 | P90: =SUM(P103,P116) -> 0 | Q90: =IFERROR((X90+Z90)/V90,"") -> 0.58122721 | R90: =K90+P90 -> -693 | S90: =SUM(S103,S116) -> 0 | T90: =SUM(T103,T116) -> 0 | U90: =SUM(U103,U116) -> 0 | V90: =SUM(V103,V116) -> 9532090.2 | W90: =SUM(W103,W116) -> 9859134.7 | X90: =SUM(X103,X116) -> 5540310.2 | Y90: =SUM(Y103,Y116) -> 199426.24 | Z90: =SUM(Z103,Z116) -> 0
C91: P-15ml | D91: 8489.27 | E91: =SUM(E104,E117) -> 105.00005 | F91: =SUM(F104,F117) -> 102 | G91: =SUM(G104,G117) -> 46 | H91: =IFERROR(W91/V91,"") -> 0.97142814 | I91: =IFERROR(X91/V91,"") -> 0.43809504 | J91: =IFERROR(X91/W91,"") -> 0.45098039 | K91: =G91-F91 -> -56 | L91: =O91 -> 6 | M91: =IFERROR((X91+Y91)/V91,"") -> 0.49523787 | N91: =K91+L91 -> -50 | O91: =SUM(O104,O117) -> 6 | P91: =SUM(P104,P117) -> 0 | Q91: =IFERROR((X91+Z91)/V91,"") -> 0.43809504 | R91: =K91+P91 -> -56 | S91: =SUM(S104,S117) -> 0 | T91: =SUM(T104,T117) -> 0 | U91: =SUM(U104,U117) -> 0 | V91: =SUM(V104,V117) -> 891373.75 | W91: =SUM(W104,W117) -> 865905.54 | X91: =SUM(X104,X117) -> 390506.42 | Y91: =SUM(Y104,Y117) -> 50935.62 | Z91: =SUM(Z104,Z117) -> 0
C92: I-3mg | D92: 3566.02 | E92: =SUM(E105,E118) -> 221.06758 | F92: =SUM(F105,F118) -> 195.00001 | G92: =SUM(G105,G118) -> 56 | H92: =IFERROR(W92/V92,"") -> 0.88208324 | I92: =IFERROR(X92/V92,"") -> 0.2533162 | J92: =IFERROR(X92/W92,"") -> 0.28717948 | K92: =G92-F92 -> -139.00001 | L92: =O92 -> 0 | M92: =IFERROR((X92+Y92)/V92,"") -> 0.2533162 | N92: =K92+L92 -> -139.00001 | O92: =SUM(O105,O118) -> 0 | P92: =SUM(P105,P118) -> 0 | Q92: =IFERROR((X92+Z92)/V92,"") -> 0.2533162 | R92: =K92+P92 -> -139.00001 | S92: =SUM(S105,S118) -> 0 | T92: =SUM(T105,T118) -> 0 | U92: =SUM(U105,U118) -> 0 | V92: =SUM(V105,V118) -> 788331.42 | W92: =SUM(W105,W118) -> 695373.93 | X92: =SUM(X105,X118) -> 199697.12 | Y92: =SUM(Y105,Y118) -> 0 | Z92: =SUM(Z105,Z118) -> 0
C93: I-9mg | D93: 10698.05 | E93: =SUM(E106,E119) -> 0 | F93: =SUM(F106,F119) -> 15 | G93: =SUM(G106,G119) -> 74 | H93: =IFERROR(W93/V93,"") | I93: =IFERROR(X93/V93,"") | J93: =IFERROR(X93/W93,"") -> 4.9333333 | K93: =G93-F93 -> 59 | L93: =O93 -> 1 | M93: =IFERROR((X93+Y93)/V93,"") | N93: =K93+L93 -> 60 | O93: =SUM(O106,O119) -> 1 | P93: =SUM(P106,P119) -> 0 | Q93: =IFERROR((X93+Z93)/V93,"") | R93: =K93+P93 -> 59 | S93: =SUM(S106,S119) -> 0 | T93: =SUM(T106,T119) -> 0 | U93: =SUM(U106,U119) -> 0 | V93: =SUM(V106,V119) -> 0 | W93: =SUM(W106,W119) -> 160470.75 | X93: =SUM(X106,X119) -> 791655.7 | Y93: =SUM(Y106,Y119) -> 10698.05 | Z93: =SUM(Z106,Z119) -> 0
B94: 周小英 | C94: 全产品 | H94: =IFERROR(W94/V94,"") -> 0.97184834 | I94: =IFERROR(X94/V94,"") -> 0.69046742 | J94: =IFERROR(X94/W94,"") -> 0.71046828 | K94: =(X94-W94)/10000 -> -341.17147 | L94: =Y94/10000 -> 12.999061 | M94: =IFERROR((X94+Y94)/V94,"") -> 0.70118839 | N94: =K94+L94 -> -328.17241 | P94: =Z94/10000 -> 0 | Q94: =IFERROR((X94+Z94)/V94,"") -> 0.69046742 | R94: =K94+P94 -> -341.17147 | V94: =SUM(V100:V106) -> 12124897 | W94: =SUM(W100:W106) -> 11783561 | X94: =SUM(X100:X106) -> 8371846.5 | Y94: =SUM(Y100:Y106) -> 129990.61 | Z94: =SUM(Z100:Z106) -> 0 | AA94: =380000/4000 -> 95
C95: 策略 | H95: =IFERROR(W95/V95,"") -> 1.0123372 | I95: =IFERROR(X95/V95,"") -> 0.47612797 | J95: =IFERROR(X95/W95,"") -> 0.47032545 | K95: =(X95-W95)/10000 -> -377.40827 | L95: =Y95/10000 -> 7.704204 | M95: =IFERROR((X95+Y95)/V95,"") -> 0.48707385 | N95: =K95+L95 -> -369.70407 | P95: =Z95/10000 -> 0 | Q95: =IFERROR((X95+Z95)/V95,"") -> 0.47612797 | R95: =K95+P95 -> -377.40827 | V95: =SUM(V103:V106) -> 7038450.9 | W95: =SUM(W103:W106) -> 7125286 | X95: =SUM(X103:X106) -> 3351203.3 | Y95: =SUM(Y103:Y106) -> 77042.04 | Z95: =SUM(Z103:Z106) -> 0
C96: HF | E96: =SUM(E100:E101,E103:E104) -> 2082.1642 | F96: =SUM(F100:F101,F103:F104) -> 1948.5 | G96: =SUM(G100:G101,G103:G104) -> 1272 | H96: =IFERROR(W96/V96,"") -> 0.95682371 | I96: =IFERROR(X96/V96,"") -> 0.57689626 | J96: =IFERROR(X96/W96,"") -> 0.60292847 | K96: =G96-F96 -> -676.5 | L96: =O96 -> 22 | M96: =IFERROR((X96+Y96)/V96,"") -> 0.58824729 | N96: =K96+L96 -> -654.5 | O96: =SUM(O100:O101,O103:O104) -> 22 | P96: =SUM(P100:P101,P103:P104) -> 0 | Q96: =IFERROR((X96+Z96)/V96,"") -> 0.57689626 | R96: =K96+P96 -> -676.5 | S96: =SUM(S100:S101,S103:S104) -> 0 | T96: =SUM(T100:T101,T103:T104) -> 0 | U96: =SUM(U100:U101,U103:U104) -> 0 | V96: =SUM(V100:V101,V103:V104) -> 10398438 | W96: =SUM(W100:W101,W103:W104) -> 9949471.9 | X96: =SUM(X100:X101,X103:X104) -> 5998819.9 | Y96: =SUM(Y100:Y101,Y103:Y104) -> 118033 | Z96: =SUM(Z100:Z101,Z103:Z104) -> 0
C97: PF | E97: =E102+E103+E104*2 -> 1437.4443 | F97: =F102+F103+F104*2 -> 1433 | G97: =G102+G103+G104*2 -> 966 | H97: =IFERROR(W97/V97,"") -> 1.0006078 | I97: =IFERROR(X97/V97,"") -> 0.61245825 | J97: =IFERROR(X97/W97,"") -> 0.61208625 | K97: =G97-F97 -> -467 | L97: =O97 -> 16 | M97: =IFERROR((X97+Y97)/V97,"") -> 0.62365469 | N97: =K97+L97 -> -451 | O97: =O102+O103+O104*2 -> 16 | P97: =P102+P103+P104*2 -> 0 | Q97: =IFERROR((X97+Z97)/V97,"") -> 0.61245825 | R97: =K97+P97 -> -467 | S97: =S102+S103+S104*2 -> 0 | T97: =T102+T103+T104*2 -> 0 | U97: =U102+U103+U104*2 -> 0 | V97: =SUM(V102:V104) -> 7948926.8 | W97: =SUM(W102:W104) -> 7953757.9 | X97: =SUM(X102:X104) -> 4868385.8 | Y97: =SUM(Y102:Y104) -> 88999.65 | Z97: =SUM(Z102:Z104) -> 0
C98: P-折算10ml | E98: =E103+E104*2 -> 1106.6589 | F98: =F103+F104*2 -> 1099 | G98: =G103+G104*2 -> 478 | H98: =IFERROR(W98/V98,"") -> 0.99879617 | I98: =IFERROR(X98/V98,"") -> 0.4408867 | J98: =IFERROR(X98/W98,"") -> 0.44141809 | K98: =G98-F98 -> -621 | L98: =O98 -> 13 | M98: =IFERROR((X98+Y98)/V98,"") -> 0.45250611 | N98: =K98+L98 -> -608 | O98: =O103+O104*2 -> 13 | P98: =P103+P104*2 -> 0 | Q98: =IFERROR((X98+Z98)/V98,"") -> 0.4408867 | R98: =K98+P98 -> -621 | S98: =S103+S104*2 -> 0 | T98: =T103+T104*2 -> 0 | U98: =U103+U104*2 -> 0 | V98: =SUM(V103:V104) -> 6630459.3 | W98: =SUM(W103:W104) -> 6622477.3 | X98: =SUM(X103:X104) -> 2923281.3 | Y98: =SUM(Y103:Y104) -> 77042.04 | Z98: =SUM(Z103:Z104) -> 0 | AA98: 160
C99: I-折算9mg | E99: =E105/3+E106 -> 38.136978 | F99: =F105/3+F106 -> 47.000003 | G99: =G105/3+G106 -> 40 | H99: =IFERROR(W99/V99,"") -> 1.2323994 | I99: =IFERROR(X99/V99,"") -> 1.04885 | J99: =IFERROR(X99/W99,"") -> 0.85106336 | K99: =G99-F99 -> -7.0000027 | L99: =O99 -> 0 | M99: =IFERROR((X99+Y99)/V99,"") -> 1.04885 | N99: =K99+L99 -> -7.0000027 | O99: =O105/3+O106 -> 0 | P99: =P105/3+P106 -> 0 | Q99: =IFERROR((X99+Z99)/V99,"") -> 1.04885 | R99: =K99+P99 -> -7.0000027 | S99: =S105/3+S106 -> 0 | T99: =T105/3+T106 -> 0 | U99: =U105/3+U106 -> 0 | V99: =SUM(V105:V106) -> 407991.68 | W99: =SUM(W105:W106) -> 502808.7 | X99: =SUM(X105:X106) -> 427922.06 | Y99: =SUM(Y105:Y106) -> 0 | Z99: =SUM(Z105:Z106) -> 0
A100: 周小英Herceptin IV | C100: HIV | D100: 4535.5 | E100: 162.30779 | F100: 187.5 | G100: =_xlfn.XLOOKUP(A100,BC:BC,BD:BD,0) -> 268 | H100: =IFERROR(W100/V100,"") -> 1.1552126 | I100: =IFERROR(X100/V100,"") -> 1.6511838 | J100: =IFERROR(X100/W100,"") -> 1.4293333 | K100: =G100-F100 -> 80.5 | L100: =O100 -> 6 | M100: =IFERROR((X100+Y100)/V100,"") -> 1.6881506 | N100: =K100+L100 -> 86.5 | O100: 6 | P100: =SUM(S100:U100) -> 0 | Q100: =IFERROR((X100+Z100)/V100,"") -> 1.6511838 | R100: =K100+P100 -> 80.5 | V100: =E100*D100 -> 736146.98 | W100: =F100*D100 -> 850406.25 | X100: =G100*D100 -> 1215514 | Y100: =L100*D100 -> 27213 | Z100: =P100*D100 -> 0
...

Sheet 渗透率
AC1: 产品品规 | AD1: (多项) | AE1: 纯新转新
B2: 当月GAP支数
B3: 50渗透率 | C3: 80渗透率 | D3: 行标签 | E3: YTD | F3: 24Q4P月均 | G3: 25Q3月均~ | H3: 25Q4月均~ | I3: 25H2月均~ | J3: Jan | K3: Feb | L3: Mar | M3: Apr | N3: May | O3: Jun | P3: YTD渗透率 | Q3: 25Q3渗透率 | R3: 25Q4渗透率 | S3: Q1渗透率 | T3: Q2渗透率 | U3: 1渗透率 | V3: 2渗透率 | W3: 3渗透率 | X3: 4渗透率 | Y3: 5渗透率 | Z3: 6渗透率 | AA3: 季度趋势 | AB3: 月度趋势 | AC3: 行标签 | AD3: 25Q3月均 | AE3: 25Q4月均 | AF3: 26Q1月均 | AG3: 26Q2月均 | AH3: 1月 | AI3: 2月 | AJ3: 3月 | AK3: 4月 | AL3: 5月 | AM3: 6月 | AN3: 季度趋势 | AO3: 月度趋势
B4: =IF(D4="","",M4-F4*0.5) -> -3.3333333 | C4: =IF(D4="","",M4-F4*0.8) -> -5.3333333 | D4: 安溪县医院 | E4: 0 | F4: 6.6666667 | G4: 0 | H4: 0 | I4: 0 | J4: 0 | K4: 0 | L4: 0 | M4: 0 | N4: 0 | O4: 0 | P4: 0 | Q4: 0 | R4: 0 | S4: 0 | T4: 0 | U4: 0 | V4: 0 | W4: 0 | X4: 0 | Y4: 0 | Z4: 0 | AC4: 安溪县医院 | AD4: 0 | AE4: 0 | AF4: 0 | AG4: 0 | AH4: 0 | AI4: 0 | AJ4: 0 | AK4: 0 | AL4: 0 | AM4: 0
B5: =IF(D5="","",M5-F5*0.5) -> -8.3333333 | C5: =IF(D5="","",M5-F5*0.8) -> -13.333333 | D5: 大田县总医院 | E5: 0 | F5: 16.666667 | G5: 0 | H5: 0 | I5: 0 | J5: 0 | K5: 0 | L5: 0 | M5: 0 | N5: 0 | O5: 0 | P5: 0 | Q5: 0 | R5: 0 | S5: 0 | T5: 0 | U5: 0 | V5: 0 | W5: 0 | X5: 0 | Y5: 0 | Z5: 0 | AC5: 大田县总医院 | AD5: 0 | AE5: 0 | AF5: 0 | AG5: 0 | AH5: 0 | AI5: 0 | AJ5: 0 | AK5: 0 | AL5: 0 | AM5: 0
B6: =IF(D6="","",M6-F6*0.5) -> 0 | C6: =IF(D6="","",M6-F6*0.8) -> 0 | D6: 第二军医大学附属长征医院和田路分院 | E6: 0 | F6: 0 | G6: 0 | H6: 0 | I6: 0 | J6: 0 | K6: 0 | L6: 0 | M6: 0 | N6: 0 | O6: 0 | P6: #DIV/0! | Q6: #DIV/0! | R6: #DIV/0! | S6: #DIV/0! | T6: #DIV/0! | U6: #DIV/0! | V6: #DIV/0! | W6: #DIV/0! | X6: #DIV/0! | Y6: #DIV/0! | Z6: #DIV/0! | AC6: 第二军医大学附属长征医院和田路分院 | AD6: 0 | AE6: 0 | AF6: 0 | AG6: 0 | AH6: 0 | AI6: 0 | AJ6: 0 | AK6: 0 | AL6: 0 | AM6: 0
B7: =IF(D7="","",M7-F7*0.5) -> -12.166667 | C7: =IF(D7="","",M7-F7*0.8) -> -20.066667 | D7: 丰城市人民医院 | E7: 7 | F7: 26.333333 | G7: 0 | H7: 0.66666667 | I7: 0.33333333 | J7: 3 | K7: 1 | L7: 2 | M7: 1 | N7: 0 | O7: 0 | P7: 0.066455696 | Q7: 0 | R7: 0.025316456 | S7: 0.075949367 | T7: 0.012658228 | U7: 0.11392405 | V7: 0.037974684 | W7: 0.075949367 | X7: 0.037974684 | Y7: 0 | Z7: 0 | AC7: 丰城市人民医院 | AD7: 0 | AE7: 0 | AF7: 0.33333333 | AG7: 0 | AH7: 0 | AI7: 1 | AJ7: 0 | AK7: 0 | AL7: 0 | AM7: 0
B8: =IF(D8="","",M8-F8*0.5) -> -14 | C8: =IF(D8="","",M8-F8*0.8) -> -24.2 | D8: 福鼎市医院 | E8: 8 | F8: 34 | G8: 2 | H8: 3 | I8: 2.5 | J8: 1 | K8: 2 | L8: 2 | M8: 3 | N8: 0 | O8: 0 | P8: 0.058823529 | Q8: 0.058823529 | R8: 0.088235294 | S8: 0.049019608 | T8: 0.029411765 | U8: 0.029411765 | V8: 0.058823529 | W8: 0.058823529 | X8: 0.088235294 | Y8: 0 | Z8: 0 | AC8: 福鼎市医院 | AD8: 0 | AE8: 0.33333333 | AF8: 0 | AG8: 1 | AH8: 0 | AI8: 0 | AJ8: 0 | AK8: 1 | AL8: 0 | AM8: 0
B9: =IF(D9="","",M9-F9*0.5) -> 0 | C9: =IF(D9="","",M9-F9*0.8) -> 0 | D9: 福建省福清市医院 | E9: 0 | F9: 0 | G9: 0 | H9: 0 | I9: 0 | J9: 0 | K9: 0 | L9: 0 | M9: 0 | N9: 0 | O9: 0 | P9: #DIV/0! | Q9: #DIV/0! | R9: #DIV/0! | S9: #DIV/0! | T9: #DIV/0! | U9: #DIV/0! | V9: #DIV/0! | W9: #DIV/0! | X9: #DIV/0! | Y9: #DIV/0! | Z9: #DIV/0! | AC9: 福建省福清市医院 | AD9: 0 | AE9: 0 | AF9: 0 | AG9: 0 | AH9: 0 | AI9: 0 | AJ9: 0 | AK9: 0 | AL9: 0 | AM9: 0
B10: =IF(D10="","",M10-F10*0.5) -> -2.1666667 | C10: =IF(D10="","",M10-F10*0.8) -> -3.4666667 | D10: 福建省将乐县总医院 | E10: 0 | F10: 4.3333333 | G10: 0 | H10: 0 | I10: 0 | J10: 0 | K10: 0 | L10: 0 | M10: 0 | N10: 0 | O10: 0 | P10: 0 | Q10: 0 | R10: 0 | S10: 0 | T10: 0 | U10: 0 | V10: 0 | W10: 0 | X10: 0 | Y10: 0 | Z10: 0 | AC10: 福建省将乐县总医院 | AD10: 0 | AE10: 0 | AF10: 0 | AG10: 0 | AH10: 0 | AI10: 0 | AJ10: 0 | AK10: 0 | AL10: 0 | AM10: 0
B11: =IF(D11="","",M11-F11*0.5) -> -25.833333 | C11: =IF(D11="","",M11-F11*0.8) -> -64.133333 | D11: 福建省立医院 | E11: 170 | F11: 127.66667 | G11: 42 | H11: 45.333333 | I11: 43.666667 | J11: 47 | K11: 40 | L11: 45 | M11: 38 | N11: 0 | O11: 0 | P11: 0.33289817 | Q11: 0.32898172 | R11: 0.35509138 | S11: 0.34464752 | T11: 0.09921671 | U11: 0.36814621 | V11: 0.31331593 | W11: 0.35248042 | X11: 0.29765013 | Y11: 0 | Z11: 0 | AC11: 福建省立医院 | AD11: 2.6666667 | AE11: 3.6666667 | AF11: 2.3333333 | AG11: 1 | AH11: 1 | AI11: 3 | AJ11: 3 | AK11: 1 | AL11: 0 | AM11: 0
B12: =IF(D12="","",M12-F12*0.5) -> -19 | C12: =IF(D12="","",M12-F12*0.8) -> -33.4 | D12: 福建省南平市第一医院 | E12: 19 | F12: 48 | G12: 3.6666667 | H12: 4.3333333 | I12: 4 | J12: 4 | K12: 4 | L12: 6 | M12: 5 | N12: 0 | O12: 0 | P12: 0.098958333 | Q12: 0.076388889 | R12: 0.090277778 | S12: 0.097222222 | T12: 0.034722222 | U12: 0.083333333 | V12: 0.083333333 | W12: 0.125 | X12: 0.10416667 | Y12: 0 | Z12: 0 | AC12: 福建省南平市第一医院 | AD12: 0.66666667 | AE12: 0.33333333 | AF12: 1 | AG12: 1 | AH12: 1 | AI12: 0 | AJ12: 2 | AK12: 1 | AL12: 0 | AM12: 0
B13: =IF(D13="","",M13-F13*0.5) -> -40.833333 | C13: =IF(D13="","",M13-F13*0.8) -> -113.33333 | D13: 福建省肿瘤医院 | E13: 351 | F13: 241.66667 | G13: 136.66667 | H13: 93.666667 | I13: 115.16667 | J13: 115 | K13: 80 | L13: 76 | M13: 80 | N13: 0 | O13: 0 | P13: 0.36310345 | Q13: 0.56551724 | R13: 0.38758621 | S13: 0.3737931 | T13: 0.11034483 | U13: 0.47586207 | V13: 0.33103448 | W13: 0.31448276 | X13: 0.33103448 | Y13: 0 | Z13: 0 | AC13: 福建省肿瘤医院 | AD13: 16.666667 | AE13: 11.333333 | AF13: 9 | AG13: 3 | AH13: 9 | AI13: 7 | AJ13: 11 | AK13: 3 | AL13: 0 | AM13: 0
B14: =IF(D14="","",M14-F14*0.5) -> -41.5 | C14: =IF(D14="","",M14-F14*0.8) -> -74.8 | D14: 福建医科大学附属第二医院鲤城院区 | E14: 58 | F14: 111 | G14: 13.666667 | H14: 9.3333333 | I14: 11.5 | J14: 14 | K14: 6 | L14: 24 | M14: 14 | N14: 0 | O14: 0 | P14: 0.13063063 | Q14: 0.12312312 | R14: 0.084084084 | S14: 0.13213213 | T14: 0.042042042 | U14: 0.12612613 | V14: 0.054054054 | W14: 0.21621622 | X14: 0.12612613 | Y14: 0 | Z14: 0 | AC14: 福建医科大学附属第二医院鲤城院区 | AD14: 1 | AE14: 0 | AF14: 0.66666667 | AG14: 1 | AH14: 0 | AI14: 1 | AJ14: 1 | AK14: 1 | AL14: 0 | AM14: 0
B15: =IF(D15="","",M15-F15*0.5) -> -37 | C15: =IF(D15="","",M15-F15*0.8) -> -61 | D15: 福建医科大学附属第一医院 | E15: 11 | F15: 80 | G15: 10.333333 | H15: 2.6666667 | I15: 6.5 | J15: 3 | K15: 3 | L15: 2 | M15: 3 | N15: 0 | O15: 0 | P15: 0.034375 | Q15: 0.12916667 | R15: 0.033333333 | S15: 0.033333333 | T15: 0.0125 | U15: 0.0375 | V15: 0.0375 | W15: 0.025 | X15: 0.0375 | Y15: 0 | Z15: 0 | AC15: 福建医科大学附属第一医院 | AD15: 0 | AE15: 0.33333333 | AF15: 0 | AG15: 0 | AH15: 0 | AI15: 0 | AJ15: 0 | AK15: 0 | AL15: 0 | AM15: 0
B16: =IF(D16="","",M16-F16*0.5) -> -7.3333333 | C16: =IF(D16="","",M16-F16*0.8) -> -11.733333 | D16: 福建医科大学附属福州市第一总医院达道院区 | E16: 0 | F16: 14.666667 | G16: 0 | H16: 0 | I16: 0 | J16: 0 | K16: 0 | L16: 0 | M16: 0 | N16: 0 | O16: 0 | P16: 0 | Q16: 0 | R16: 0 | S16: 0 | T16: 0 | U16: 0 | V16: 0 | W16: 0 | X16: 0 | Y16: 0 | Z16: 0 | AC16: 福建医科大学附属福州市第一总医院达道院区 | AD16: 0 | AE16: 0 | AF16: 0 | AG16: 0 | AH16: 0 | AI16: 0 | AJ16: 0 | AK16: 0 | AL16: 0 | AM16: 0
B17: =IF(D17="","",M17-F17*0.5) -> -29 | C17: =IF(D17="","",M17-F17*0.8) -> -125 | D17: 福建医科大学附属协和医院 | E17: 683 | F17: 320 | G17: 148 | H17: 182.66667 | I17: 165.33333 | J17: 159 | K17: 195 | L17: 198 | M17: 131 | N17: 0 | O17: 0 | P17: 0.53359375 | Q17: 0.4625 | R17: 0.57083333 | S17: 0.575 | T17: 0.13645833 | U17: 0.496875 | V17: 0.609375 | W17: 0.61875 | X17: 0.409375 | Y17: 0 | Z17: 0 | AC17: 福建医科大学附属协和医院 | AD17: 24.333333 | AE17: 25.333333 | AF17: 27.666667 | AG17: 15 | AH17: 29 | AI17: 21 | AJ17: 33 | AK17: 15 | AL17: 0 | AM17: 0
B18: =IF(D18="","",M18-F18*0.5) -> -1.5 | C18: =IF(D18="","",M18-F18*0.8) -> -2.4 | D18: 福建医科大学孟超肝胆医院西洪院区 | E18: 0 | F18: 3 | G18: 0 | H18: 0 | I18: 0 | J18: 0 | K18: 0 | L18: 0 | M18: 0 | N18: 0 | O18: 0 | P18: 0 | Q18: 0 | R18: 0 | S18: 0 | T18: 0 | U18: 0 | V18: 0 | W18: 0 | X18: 0 | Y18: 0 | Z18: 0 | AC18: 福建医科大学孟超肝胆医院西洪院区 | AD18: 0 | AE18: 0 | AF18: 0 | AG18: 0 | AH18: 0 | AI18: 0 | AJ18: 0 | AK18: 0 | AL18: 0 | AM18: 0
B19: =IF(D19="","",M19-F19*0.5) -> -4 | C19: =IF(D19="","",M19-F19*0.8) -> -7 | D19: 福州市第二总医院 | E19: 4 | F19: 10 | G19: 0.66666667 | H19: 1.6666667 | I19: 1.1666667 | J19: 1 | K19: 1 | L19: 1 | M19: 1 | N19: 0 | O19: 0 | P19: 0.1 | Q19: 0.066666667 | R19: 0.16666667 | S19: 0.1 | T19: 0.033333333 | U19: 0.1 | V19: 0.1 | W19: 0.1 | X19: 0.1 | Y19: 0 | Z19: 0 | AC19: 福州市第二总医院 | AD19: 0 | AE19: 0 | AF19: 0 | AG19: 0 | AH19: 0 | AI19: 0 | AJ19: 0 | AK19: 0 | AL19: 0 | AM19: 0
B20: =IF(D20="","",M20-F20*0.5) -> 0 | C20: =IF(D20="","",M20-F20*0.8) -> 0 | D20: 福州市第二总医院奥体院区 | E20: 0 | F20: 0 | G20: 0 | H20: 0 | I20: 0 | J20: 0 | K20: 0 | L20: 0 | M20: 0 | N20: 0 | O20: 0 | P20: #DIV/0! | Q20: #DIV/0! | R20: #DIV/0! | S20: #DIV/0! | T20: #DIV/0! | U20: #DIV/0! | V20: #DIV/0! | W20: #DIV/0! | X20: #DIV/0! | Y20: #DIV/0! | Z20: #DIV/0! | AC20: 福州市第二总医院奥体院区 | AD20: 0 | AE20: 0 | AF20: 0 | AG20: 0 | AH20: 0 | AI20: 0 | AJ20: 0 | AK20: 0 | AL20: 0 | AM20: 0
B21: =IF(D21="","",M21-F21*0.5) -> 0 | C21: =IF(D21="","",M21-F21*0.8) -> 0 | D21: 福州市第七医院 | E21: 0 | F21: 0 | G21: 0 | H21: 0 | I21: 0 | J21: 0 | K21: 0 | L21: 0 | M21: 0 | N21: 0 | O21: 0 | P21: #DIV/0! | Q21: #DIV/0! | R21: #DIV/0! | S21: #DIV/0! | T21: #DIV/0! | U21: #DIV/0! | V21: #DIV/0! | W21: #DIV/0! | X21: #DIV/0! | Y21: #DIV/0! | Z21: #DIV/0! | AC21: 福州市第七医院 | AD21: 0 | AE21: 0 | AF21: 0 | AG21: 0 | AH21: 0 | AI21: 0 | AJ21: 0 | AK21: 0 | AL21: 0 | AM21: 0
B22: =IF(D22="","",M22-F22*0.5) -> -4.8333333 | C22: =IF(D22="","",M22-F22*0.8) -> -8.3333333 | D22: 抚州市第一人民医院附属医院院区 | E22: 4 | F22: 11.666667 | G22: 2 | H22: 1 | I22: 1.5 | J22: 0 | K22: 2 | L22: 1 | M22: 1 | N22: 0 | O22: 0 | P22: 0.085714286 | Q22: 0.17142857 | R22: 0.085714286 | S22: 0.085714286 | T22: 0.028571429 | U22: 0 | V22: 0.17142857 | W22: 0.085714286 | X22: 0.085714286 | Y22: 0 | Z22: 0 | AC22: 抚州市第一人民医院附属医院院区 | AD22: 0 | AE22: 0 | AF22: 0 | AG22: 0 | AH22: 0 | AI22: 0 | AJ22: 0 | AK22: 0 | AL22: 0 | AM22: 0
B23: =IF(D23="","",M23-F23*0.5) -> -38 | C23: =IF(D23="","",M23-F23*0.8) -> -60.8 | D23: 复旦大学附属妇产科医院黄浦院区 | E23: 50 | F23: 76 | G23: 88.666667 | H23: 81.666667 | I23: 85.166667 | J23: 20 | K23: 30 | L23: 0 | M23: 0 | N23: 0 | O23: 0 | P23: 0.16447368 | Q23: 1.1666667 | R23: 1.0745614 | S23: 0.21929825 | T23: 0 | U23: 0.26315789 | V23: 0.39473684 | W23: 0 | X23: 0 | Y23: 0 | Z23: 0 | AC23: 复旦大学附属妇产科医院黄浦院区 | AD23: 4 | AE23: 0.66666667 | AF23: 3.3333333 | AG23: 1 | AH23: 4 | AI23: 2 | AJ23: 4 | AK23: 1 | AL23: 0 | AM23: 0
B24: =IF(D24="","",M24-F24*0.5) -> 12.833333 | C24: =IF(D24="","",M24-F24*0.8) -> 11.533333 | D24: 复旦大学附属妇产科医院长三角一体化示范区青浦分院 | E24: 36 | F24: 4.3333333 | G24: 9.6666667 | H24: 12.333333 | I24: 11 | J24: 3 | K24: 12 | L24: 6 | M24: 15 | N24: 0 | O24: 0 | P24: 2.0769231 | Q24: 2.2307692 | R24: 2.8461538 | S24: 1.6153846 | T24: 1.1538462 | U24: 0.69230769 | V24: 2.7692308 | W24: 1.3846154 | X24: 3.4615385 | Y24: 0 | Z24: 0 | AC24: 复旦大学附属妇产科医院长三角一体化示范区青浦分院 | AD24: 0 | AE24: 0 | AF24: 0 | AG24: 0 | AH24: 0 | AI24: 0 | AJ24: 0 | AK24: 0 | AL24: 0 | AM24: 0
B25: =IF(D25="","",M25-F25*0.5) -> -16 | C25: =IF(D25="","",M25-F25*0.8) -> -35.8 | D25: 复旦大学附属华东医院 | E25: 84 | F25: 66 | G25: 14 | H25: 15.666667 | I25: 14.833333 | J25: 16 | K25: 33 | L25: 18 | M25: 17 | N25: 0 | O25: 0 | P25: 0.31818182 | Q25: 0.21212121 | R25: 0.23737374 | S25: 0.33838384 | T25: 0.085858586 | U25: 0.24242424 | V25: 0.5 | W25: 0.27272727 | X25: 0.25757576 | Y25: 0 | Z25: 0 | AC25: 复旦大学附属华东医院 | AD25: 2.3333333 | AE25: 1 | AF25: 0.33333333 | AG25: 0 | AH25: 1 | AI25: 0 | AJ25: 0 | AK25: 0 | AL25: 0 | AM25: 0
B26: =IF(D26="","",M26-F26*0.5) -> -56.833333 | C26: =IF(D26="","",M26-F26*0.8) -> -108.93333 | D26: 复旦大学附属华山医院总院 | E26: 419 | F26: 173.66667 | G26: 161 | H26: 75.666667 | I26: 118.33333 | J26: 93 | K26: 137 | L26: 159 | M26: 30 | N26: 0 | O26: 0 | P26: 0.60316699 | Q26: 0.92706334 | R26: 0.43570058 | S26: 0.74664107 | T26: 0.057581574 | U26: 0.53550864 | V26: 0.78886756 | W26: 0.91554702 | X26: 0.17274472 | Y26: 0 | Z26: 0 | AC26: 复旦大学附属华山医院总院 | AD26: 7 | AE26: 0 | AF26: 2.3333333 | AG26: 3 | AH26: 2 | AI26: 2 | AJ26: 3 | AK26: 3 | AL26: 0 | AM26: 0
B27: =IF(D27="","",M27-F27*0.5) -> 0 | C27: =IF(D27="","",M27-F27*0.8) -> 0 | D27: 复旦大学附属金山医院 | E27: 0 | F27: 0 | G27: 0.33333333 | H27: 0 | I27: 0.16666667 | J27: 0 | K27: 0 | L27: 0 | M27: 0 | N27: 0 | O27: 0 | P27: #DIV/0! | Q27: #DIV/0! | R27: #DIV/0! | S27: #DIV/0! | T27: #DIV/0! | U27: #DIV/0! | V27: #DIV/0! | W27: #DIV/0! | X27: #DIV/0! | Y27: #DIV/0! | Z27: #DIV/0! | AC27: 复旦大学附属金山医院 | AD27: 0 | AE27: 0 | AF27: 0 | AG27: 0 | AH27: 0 | AI27: 0 | AJ27: 0 | AK27: 0 | AL27: 0 | AM27: 0
B28: =IF(D28="","",M28-F28*0.5) -> -11 | C28: =IF(D28="","",M28-F28*0.8) -> -20 | D28: 复旦大学附属闵行医院 | E28: 17 | F28: 30 | G28: 6 | H28: 3.6666667 | I28: 4.8333333 | J28: 5 | K28: 6 | L28: 2 | M28: 4 | N28: 0 | O28: 0 | P28: 0.14166667 | Q28: 0.2 | R28: 0.12222222 | S28: 0.14444444 | T28: 0.044444444 | U28: 0.16666667 | V28: 0.2 | W28: 0.066666667 | X28: 0.13333333 | Y28: 0 | Z28: 0 | AC28: 复旦大学附属闵行医院 | AD28: 0.33333333 | AE28: 0.66666667 | AF28: 0.33333333 | AG28: 0 | AH28: 0 | AI28: 0 | AJ28: 1 | AK28: 0 | AL28: 0 | AM28: 0
B29: =IF(D29="","",M29-F29*0.5) -> -10 | C29: =IF(D29="","",M29-F29*0.8) -> -16 | D29: 复旦大学附属浦东医院 | E29: 2 | F29: 20 | G29: 5 | H29: -2.3333333 | I29: 1.3333333 | J29: 2 | K29: 0 | L29: 0 | M29: 0 | N29: 0 | O29: 0 | P29: 0.025 | Q29: 0.25 | R29: -0.11666667 | S29: 0.033333333 | T29: 0 | U29: 0.1 | V29: 0 | W29: 0 | X29: 0 | Y29: 0 | Z29: 0 | AC29: 复旦大学附属浦东医院 | AD29: 0.33333333 | AE29: 0.33333333 | AF29: 0 | AG29: 0 | AH29: 0 | AI29: 0 | AJ29: 0 | AK29: 0 | AL29: 0 | AM29: 0
B30: =IF(D30="","",M30-F30*0.5) -> 34.666667 | C30: =IF(D30="","",M30-F30*0.8) -> -15.333333 | D30: 复旦大学附属中山医院 | E30: 654 | F30: 166.66667 | G30: 181.66667 | H30: 122.33333 | I30: 152 | J30: 182 | K30: 162 | L30: 192 | M30: 118 | N30: 0 | O30: 0 | P30: 0.981 | Q30: 1.09 | R30: 0.734 | S30: 1.072 | T30: 0.236 | U30: 1.092 | V30: 0.972 | W30: 1.152 | X30: 0.708 | Y30: 0 | Z30: 0 | AC30: 复旦大学附属中山医院 | AD30: 11 | AE30: 11 | AF30: 12 | AG30: 7 | AH30: 15 | AI30: 9 | AJ30: 12 | AK30: 7 | AL30: 0 | AM30: 0
B31: =IF(D31="","",M31-F31*0.5) -> 18.5 | C31: =IF(D31="","",M31-F31*0.8) -> 13.4 | D31: 复旦大学附属中山医院闵行梅陇院区 | E31: 95 | F31: 17 | G31: 17.333333 | H31: 10 | I31: 13.666667 | J31: 12 | K31: 22 | L31: 34 | M31: 27 | N31: 0 | O31: 0 | P31: 1.3970588 | Q31: 1.0196078 | R31: 0.58823529 | S31: 1.3333333 | T31: 0.52941176 | U31: 0.70588235 | V31: 1.2941176 | W31: 2 | X31: 1.5882353 | Y31: 0 | Z31: 0 | AC31: 复旦大学附属中山医院闵行梅陇院区 | AD31: 0 | AE31: 0 | AF31: 0.66666667 | AG31: 2 | AH31: 0 | AI31: 2 | AJ31: 0 | AK31: 2 | AL31: 0 | AM31: 0
B32: =IF(D32="","",M32-F32*0.5) -> -4 | C32: =IF(D32="","",M32-F32*0.8) -> -6.4 | D32: 复旦大学附属中山医院青浦分院 | E32: 0 | F32: 8 | G32: 0 | H32: 0 | I32: 0 | J32: 0 | K32: 0 | L32: 0 | M32: 0 | N32: 0 | O32: 0 | P32: 0 | Q32: 0 | R32: 0 | S32: 0 | T32: 0 | U32: 0 | V32: 0 | W32: 0 | X32: 0 | Y32: 0 | Z32: 0 | AC32: 复旦大学附属中山医院青浦分院 | AD32: 0 | AE32: 0 | AF32: 0 | AG32: 0 | AH32: 0 | AI32: 0 | AJ32: 0 | AK32: 0 | AL32: 0 | AM32: 0
B33: =IF(D33="","",M33-F33*0.5) -> 10.166667 | C33: =IF(D33="","",M33-F33*0.8) -> 4.2666667 | D33: 复旦大学附属中山医院厦门医院 | E33: 73 | F33: 19.666667 | G33: 11 | H33: 8 | I33: 9.5 | J33: 13 | K33: 15 | L33: 25 | M33: 20 | N33: 0 | O33: 0 | P33: 0.9279661 | Q33: 0.55932203 | R33: 0.40677966 | S33: 0.89830508 | T33: 0.33898305 | U33: 0.66101695 | V33: 0.76271186 | W33: 1.2711864 | X33: 1.0169492 | Y33: 0 | Z33: 0 | AC33: 复旦大学附属中山医院厦门医院 | AD33: 0.66666667 | AE33: 0 | AF33: 0.33333333 | AG33: 6 | AH33: 0 | AI33: 0 | AJ33: 1 | AK33: 6 | AL33: 0 | AM33: 0
B34: =IF(D34="","",M34-F34*0.5) -> -3.3333333 | C34: =IF(D34="","",M34-F34*0.8) -> -8.3333333 | D34: 复旦大学附属肿瘤医院厦门医院 | E34: 56 | F34: 16.666667 | G34: 18 | H34: 13 | I34: 15.5 | J34: 10 | K34: 31 | L34: 10 | M34: 5 | N34: 0 | O34: 0 | P34: 0.84 | Q34: 1.08 | R34: 0.78 | S34: 1.02 | T34: 0.1 | U34: 0.6 | V34: 1.86 | W34: 0.6 | X34: 0.3 | Y34: 0 | Z34: 0 | AC34: 复旦大学附属肿瘤医院厦门医院 | AD34: 0 | AE34: 0 | AF34: 0 | AG34: 1 | AH34: 0 | AI34: 0 | AJ34: 0 | AK34: 1 | AL34: 0 | AM34: 0
B35: =IF(D35="","",M35-F35*0.5) -> -10.166667 | C35: =IF(D35="","",M35-F35*0.8) -> -70.266667 | D35: 赣南医科大学第一附属医院章贡院区 | E35: 409 | F35: 200.33333 | G35: 96.666667 | H35: 104 | I35: 100.33333 | J35: 111 | K35: 96 | L35: 112 | M35: 90 | N35: 0 | O35: 0 | P35: 0.51039933 | Q35: 0.48252912 | R35: 0.51913478 | S35: 0.53078203 | T35: 0.14975042 | U35: 0.55407654 | V35: 0.47920133 | W35: 0.55906822 | X35: 0.44925125 | Y35: 0 | Z35: 0 | AC35: 赣南医科大学第一附属医院章贡院区 | AD35: 8 | AE35: 7 | AF35: 3.6666667 | AG35: 2 | AH35: 3 | AI35: 4 | AJ35: 4 | AK35: 2 | AL35: 0 | AM35: 0
B36: =IF(D36="","",M36-F36*0.5) -> -1.5 | C36: =IF(D36="","",M36-F36*0.8) -> -3 | D36: 赣西肿瘤医院 | E36: 5 | F36: 5 | G36: 0.33333333 | H36: 2 | I36: 1.1666667 | J36: 1 | K36: 0 | L36: 3 | M36: 1 | N36: 0 | O36: 0 | P36: 0.25 | Q36: 0.066666667 | R36: 0.4 | S36: 0.26666667 | T36: 0.066666667 | U36: 0.2 | V36: 0 | W36: 0.6 | X36: 0.2 | Y36: 0 | Z36: 0 | AC36: 赣西肿瘤医院 | AD36: 0.33333333 | AE36: 0 | AF36: 0.33333333 | AG36: 0 | AH36: 0 | AI36: 0 | AJ36: 1 | AK36: 0 | AL36: 0 | AM36: 0
B37: =IF(D37="","",M37-F37*0.5) -> 13.833333 | C37: =IF(D37="","",M37-F37*0.8) -> 11.333333 | D37: 赣州市妇幼保健院大公路院区 | E37: 56 | F37: 8.3333333 | G37: 13.333333 | H37: 3.3333333 | I37: 8.3333333 | J37: 13 | K37: 21 | L37: 4 | M37: 18 | N37: 0 | O37: 0 | P37: 1.68 | Q37: 1.6 | R37: 0.4 | S37: 1.52 | T37: 0.72 | U37: 1.56 | V37: 2.52 | W37: 0.48 | X37: 2.16 | Y37: 0 | Z37: 0 | AC37: 赣州市妇幼保健院大公路院区 | AD37: 0.66666667 | AE37: 0 | AF37: 1.6666667 | AG37: 1 | AH37: 3 | AI37: 1 | AJ37: 1 | AK37: 1 | AL37: 0 | AM37: 0
B38: =IF(D38="","",M38-F38*0.5) -> -23.5 | C38: =IF(D38="","",M38-F38*0.8) -> -50.8 | D38: 赣州市人民医院北院区 | E38: 112 | F38: 91 | G38: 32.333333 | H38: 31.666667 | I38: 32 | J38: 33 | K38: 29 | L38: 28 | M38: 22 | N38: 0 | O38: 0 | P38: 0.30769231 | Q38: 0.35531136 | R38: 0.34798535 | S38: 0.32967033 | T38: 0.080586081 | U38: 0.36263736 | V38: 0.31868132 | W38: 0.30769231 | X38: 0.24175824 | Y38: 0 | Z38: 0 | AC38: 赣州市人民医院北院区 | AD38: 0.33333333 | AE38: 2.3333333 | AF38: 1.3333333 | AG38: 0 | AH38: 0 | AI38: 2 | AJ38: 2 | AK38: 0 | AL38: 0 | AM38: 0
B39: =IF(D39="","",M39-F39*0.5) -> -20.333333 | C39: =IF(D39="","",M39-F39*0.8) -> -40.333333 | D39: 赣州市肿瘤医院 | E39: 55 | F39: 66.666667 | G39: 8 | H39: 8.6666667 | I39: 8.3333333 | J39: 16 | K39: 21 | L39: 5 | M39: 13 | N39: 0 | O39: 0 | P39: 0.20625 | Q39: 0.12 | R39: 0.13 | S39: 0.21 | T39: 0.065 | U39: 0.24 | V39: 0.315 | W39: 0.075 | X39: 0.195 | Y39: 0 | Z39: 0 | AC39: 赣州市肿瘤医院 | AD39: 0 | AE39: 1 | AF39: 1 | AG39: 1 | AH39: 1 | AI39: 0 | AJ39: 2 | AK39: 1 | AL39: 0 | AM39: 0
B40: =IF(D40="","",M40-F40*0.5) -> -6.3333333 | C40: =IF(D40="","",M40-F40*0.8) -> -10.733333 | D40: 广东省人民医院赣州医院 | E40: 9 | F40: 14.666667 | G40: 2 | H40: 2.6666667 | I40: 2.3333333 | J40: 4 | K40: 2 | L40: 2 | M40: 1 | N40: 0 | O40: 0 | P40: 0.15340909 | Q40: 0.13636364 | R40: 0.18181818 | S40: 0.18181818 | T40: 0.022727273 | U40: 0.27272727 | V40: 0.13636364 | W40: 0.13636364 | X40: 0.068181818 | Y40: 0 | Z40: 0 | AC40: 广东省人民医院赣州医院 | AD40: 0 | AE40: 0 | AF40: 0 | AG40: 0 | AH40: 0 | AI40: 0 | AJ40: 0 | AK40: 0 | AL40: 0 | AM40: 0
B41: =IF(D41="","",M41-F41*0.5) -> 0 | C41: =IF(D41="","",M41-F41*0.8) -> 0 | D41: 海军军医大学第三附属医院嘉定院区 | E41: 0 | F41: 0 | G41: 0 | H41: 0 | I41: 0 | J41: 0 | K41: 0 | L41: 0 | M41: 0 | N41: 0 | O41: 0 | P41: #DIV/0! | Q41: #DIV/0! | R41: #DIV/0! | S41: #DIV/0! | T41: #DIV/0! | U41: #DIV/0! | V41: #DIV/0! | W41: #DIV/0! | X41: #DIV/0! | Y41: #DIV/0! | Z41: #DIV/0! | AC41: 海军军医大学第三附属医院嘉定院区 | AD41: 0 | AE41: 0 | AF41: 0 | AG41: 0 | AH41: 0 | AI41: 0 | AJ41: 0 | AK41: 0 | AL41: 0 | AM41: 0
B42: =IF(D42="","",M42-F42*0.5) -> 0 | C42: =IF(D42="","",M42-F42*0.8) -> 0 | D42: 海军军医大学第三附属医院长海路院区 | E42: 0 | F42: 0 | G42: 0 | H42: 0 | I42: 0 | J42: 0 | K42: 0 | L42: 0 | M42: 0 | N42: 0 | O42: 0 | P42: #DIV/0! | Q42: #DIV/0! | R42: #DIV/0! | S42: #DIV/0! | T42: #DIV/0! | U42: #DIV/0! | V42: #DIV/0! | W42: #DIV/0! | X42: #DIV/0! | Y42: #DIV/0! | Z42: #DIV/0! | AC42: 海军军医大学第三附属医院长海路院区 | AD42: 0 | AE42: 0 | AF42: 0 | AG42: 0 | AH42: 0 | AI42: 0 | AJ42: 0 | AK42: 0 | AL42: 0 | AM42: 0
B43: =IF(D43="","",M43-F43*0.5) -> -14.833333 | C43: =IF(D43="","",M43-F43*0.8) -> -23.733333 | D43: 吉安市中心人民医院北院区 | E43: 0 | F43: 29.666667 | G43: 0 | H43: 0 | I43: 0 | J43: 0 | K43: 0 | L43: 0 | M43: 0 | N43: 0 | O43: 0 | P43: 0 | Q43: 0 | R43: 0 | S43: 0 | T43: 0 | U43: 0 | V43: 0 | W43: 0 | X43: 0 | Y43: 0 | Z43: 0 | AC43: 吉安市中心人民医院北院区 | AD43: 0 | AE43: 0 | AF43: 0 | AG43: 0 | AH43: 0 | AI43: 0 | AJ43: 0 | AK43: 0 | AL43: 0 | AM43: 0
B44: =IF(D44="","",M44-F44*0.5) -> 0 | C44: =IF(D44="","",M44-F44*0.8) -> 0 | D44: 吉安市中心人民医院南院区 | E44: 0 | F44: 0 | G44: 0 | H44: 0 | I44: 0 | J44: 0 | K44: 0 | L44: 0 | M44: 0 | N44: 0 | O44: 0 | P44: #DIV/0! | Q44: #DIV/0! | R44: #DIV/0! | S44: #DIV/0! | T44: #DIV/0! | U44: #DIV/0! | V44: #DIV/0! | W44: #DIV/0! | X44: #DIV/0! | Y44: #DIV/0! | Z44: #DIV/0! | AC44: 吉安市中心人民医院南院区 | AD44: 0 | AE44: 0 | AF44: 0 | AG44: 0 | AH44: 0 | AI44: 0 | AJ44: 0 | AK44: 0 | AL44: 0 | AM44: 0
B45: =IF(D45="","",M45-F45*0.5) -> 0 | C45: =IF(D45="","",M45-F45*0.8) -> 0 | D45: 建宁县总医院 | E45: 0 | F45: 0 | G45: 0 | H45: 0 | I45: 0 | J45: 0 | K45: 0 | L45: 0 | M45: 0 | N45: 0 | O45: 0 | P45: #DIV/0! | Q45: #DIV/0! | R45: #DIV/0! | S45: #DIV/0! | T45: #DIV/0! | U45: #DIV/0! | V45: #DIV/0! | W45: #DIV/0! | X45: #DIV/0! | Y45: #DIV/0! | Z45: #DIV/0! | AC45: 建宁县总医院 | AD45: 0 | AE45: 0 | AF45: 0 | AG45: 0 | AH45: 0 | AI45: 0 | AJ45: 0 | AK45: 0 | AL45: 0 | AM45: 0
B46: =IF(D46="","",M46-F46*0.5) -> -0.33333333 | C46: =IF(D46="","",M46-F46*0.8) -> -0.53333333 | D46: 建瓯市立医院 | E46: 0 | F46: 0.66666667 | G46: 0 | H46: 0 | I46: 0 | J46: 0 | K46: 0 | L46: 0 | M46: 0 | N46: 0 | O46: 0 | P46: 0 | Q46: 0 | R46: 0 | S46: 0 | T46: 0 | U46: 0 | V46: 0 | W46: 0 | X46: 0 | Y46: 0 | Z46: 0 | AC46: 建瓯市立医院 | AD46: 0 | AE46: 0 | AF46: 0 | AG46: 0 | AH46: 0 | AI46: 0 | AJ46: 0 | AK46: 0 | AL46: 0 | AM46: 0
B47: =IF(D47="","",M47-F47*0.5) -> 6.3333333 | C47: =IF(D47="","",M47-F47*0.8) -> -4.8666667 | D47: 江西省妇幼保健院东湖院区 | E47: 87 | F47: 37.333333 | G47: 12.666667 | H47: 3.6666667 | I47: 8.1666667 | J47: 37 | K47: 7 | L47: 18 | M47: 25 | N47: 0 | O47: 0 | P47: 0.58258929 | Q47: 0.33928571 | R47: 0.098214286 | S47: 0.55357143 | T47: 0.22321429 | U47: 0.99107143 | V47: 0.1875 | W47: 0.48214286 | X47: 0.66964286 | Y47: 0 | Z47: 0 | AC47: 江西省妇幼保健院东湖院区 | AD47: 0.66666667 | AE47: 1 | AF47: 1.3333333 | AG47: 0 | AH47: 2 | AI47: 0 | AJ47: 2 | AK47: 0 | AL47: 0 | AM47: 0
B48: =IF(D48="","",M48-F48*0.5) -> -6.1666667 | C48: =IF(D48="","",M48-F48*0.8) -> -11.666667 | D48: 江西省人民医院 | E48: 14 | F48: 18.333333 | G48: 8.6666667 | H48: 6.3333333 | I48: 7.5 | J48: 6 | K48: 3 | L48: 2 | M48: 3 | N48: 0 | O48: 0 | P48: 0.19090909 | Q48: 0.47272727 | R48: 0.34545455 | S48: 0.2 | T48: 0.054545455 | U48: 0.32727273 | V48: 0.16363636 | W48: 0.10909091 | X48: 0.16363636 | Y48: 0 | Z48: 0 | AC48: 江西省人民医院 | AD48: 0.33333333 | AE48: 0 | AF48: 0 | AG48: 0 | AH48: 0 | AI48: 0 | AJ48: 0 | AK48: 0 | AL48: 0 | AM48: 0
B49: =IF(D49="","",M49-F49*0.5) -> -18.833333 | C49: =IF(D49="","",M49-F49*0.8) -> -81.733333 | D49: 江西省肿瘤医院 | E49: 417 | F49: 209.66667 | G49: 84 | H49: 86 | I49: 85 | J49: 109 | K49: 94 | L49: 128 | M49: 86 | N49: 0 | O49: 0 | P49: 0.49721781 | Q49: 0.40063593 | R49: 0.41017488 | S49: 0.52623211 | T49: 0.13672496 | U49: 0.51987281 | V49: 0.44833068 | W49: 0.61049285 | X49: 0.41017488 | Y49: 0 | Z49: 0 | AC49: 江西省肿瘤医院 | AD49: 4.6666667 | AE49: 4 | AF49: 6.3333333 | AG49: 8 | AH49: 7 | AI49: 6 | AJ49: 6 | AK49: 8 | AL49: 0 | AM49: 0
B50: =IF(D50="","",M50-F50*0.5) -> -0.33333333 | C50: =IF(D50="","",M50-F50*0.8) -> -0.53333333 | D50: 金山区亭林医院 | E50: 0 | F50: 0.66666667 | G50: 0 | H50: 0 | I50: 0 | J50: 0 | K50: 0 | L50: 0 | M50: 0 | N50: 0 | O50: 0 | P50: 0 | Q50: 0 | R50: 0 | S50: 0 | T50: 0 | U50: 0 | V50: 0 | W50: 0 | X50: 0 | Y50: 0 | Z50: 0 | AC50: 金山区亭林医院 | AD50: 0 | AE50: 0 | AF50: 0 | AG50: 0 | AH50: 0 | AI50: 0 | AJ50: 0 | AK50: 0 | AL50: 0 | AM50: 0
B51: =IF(D51="","",M51-F51*0.5) -> 0 | C51: =IF(D51="","",M51-F51*0.8) -> 0 | D51: 晋江市新塘街道社区卫生服务中心 | E51: 0 | F51: 0 | G51: 0 | H51: 0 | I51: 0 | J51: 0 | K51: 0 | L51: 0 | M51: 0 | N51: 0 | O51: 0 | P51: #DIV/0! | Q51: #DIV/0! | R51: #DIV/0! | S51: #DIV/0! | T51: #DIV/0! | U51: #DIV/0! | V51: #DIV/0! | W51: #DIV/0! | X51: #DIV/0! | Y51: #DIV/0! | Z51: #DIV/0! | AC51: 晋江市新塘街道社区卫生服务中心 | AD51: 0 | AE51: 0 | AF51: 0 | AG51: 0 | AH51: 0 | AI51: 0 | AJ51: 0 | AK51: 0 | AL51: 0 | AM51: 0
B52: =IF(D52="","",M52-F52*0.5) -> -12.666667 | C52: =IF(D52="","",M52-F52*0.8) -> -21.466667 | D52: 晋江市医院新院 | E52: 7 | F52: 29.333333 | G52: 2 | H52: 1 | I52: 1.5 | J52: 2 | K52: 1 | L52: 2 | M52: 2 | N52: 0 | O52: 0 | P52: 0.059659091 | Q52: 0.068181818 | R52: 0.034090909 | S52: 0.056818182 | T52: 0.022727273 | U52: 0.068181818 | V52: 0.034090909 | W52: 0.068181818 | X52: 0.068181818 | Y52: 0 | Z52: 0 | AC52: 晋江市医院新院 | AD52: 0 | AE52: 0 | AF52: 0 | AG52: 0 | AH52: 0 | AI52: 0 | AJ52: 0 | AK52: 0 | AL52: 0 | AM52: 0
B53: =IF(D53="","",M53-F53*0.5) -> -0.16666667 | C53: =IF(D53="","",M53-F53*0.8) -> -2.0666667 | D53: 井冈山大学附属医院南院区 | E53: 21 | F53: 6.3333333 | G53: 3.6666667 | H53: 4 | I53: 3.8333333 | J53: 6 | K53: 4 | L53: 8 | M53: 3 | N53: 0 | O53: 0 | P53: 0.82894737 | Q53: 0.57894737 | R53: 0.63157895 | S53: 0.94736842 | T53: 0.15789474 | U53: 0.94736842 | V53: 0.63157895 | W53: 1.2631579 | X53: 0.47368421 | Y53: 0 | Z53: 0 | AC53: 井冈山大学附属医院南院区 | AD53: 0 | AE53: 0 | AF53: 0 | AG53: 0 | AH53: 0 | AI53: 0 | AJ53: 0 | AK53: 0 | AL53: 0 | AM53: 0
B54: =IF(D54="","",M54-F54*0.5) -> -5.5 | C54: =IF(D54="","",M54-F54*0.8) -> -11.2 | D54: 景德镇市第二人民医院 | E54: 28 | F54: 19 | G54: 8.3333333 | H54: 9.6666667 | I54: 9 | J54: 9 | K54: 7 | L54: 8 | M54: 4 | N54: 0 | O54: 0 | P54: 0.36842105 | Q54: 0.43859649 | R54: 0.50877193 | S54: 0.42105263 | T54: 0.070175439 | U54: 0.47368421 | V54: 0.36842105 | W54: 0.42105263 | X54: 0.21052632 | Y54: 0 | Z54: 0 | AC54: 景德镇市第二人民医院 | AD54: 0.66666667 | AE54: 0.66666667 | AF54: 0.33333333 | AG54: 0 | AH54: 0 | AI54: 1 | AJ54: 0 | AK54: 0 | AL54: 0 | AM54: 0
B55: =IF(D55="","",M55-F55*0.5) -> 0.66666667 | C55: =IF(D55="","",M55-F55*0.8) -> -1.3333333 | D55: 景德镇市第三人民医院 | E55: 19 | F55: 6.6666667 | G55: 2 | H55: 4.3333333 | I55: 3.1666667 | J55: 4 | K55: 4 | L55: 7 | M55: 4 | N55: 0 | O55: 0 | P55: 0.7125 | Q55: 0.3 | R55: 0.65 | S55: 0.75 | T55: 0.2 | U55: 0.6 | V55: 0.6 | W55: 1.05 | X55: 0.6 | Y55: 0 | Z55: 0 | AC55: 景德镇市第三人民医院 | AD55: 0.33333333 | AE55: 0.66666667 | AF55: 0 | AG55: 0 | AH55: 0 | AI55: 0 | AJ55: 0 | AK55: 0 | AL55: 0 | AM55: 0
B56: =IF(D56="","",M56-F56*0.5) -> -0.5 | C56: =IF(D56="","",M56-F56*0.8) -> -7.4 | D56: 景德镇市第一人民医院 | E56: 57 | F56: 23 | G56: 15 | H56: 16.333333 | I56: 15.666667 | J56: 21 | K56: 12 | L56: 13 | M56: 11 | N56: 0 | O56: 0 | P56: 0.61956522 | Q56: 0.65217391 | R56: 0.71014493 | S56: 0.66666667 | T56: 0.15942029 | U56: 0.91304348 | V56: 0.52173913 | W56: 0.56521739 | X56: 0.47826087 | Y56: 0 | Z56: 0 | AC56: 景德镇市第一人民医院 | AD56: 0.66666667 | AE56: 1.6666667 | AF56: 0.33333333 | AG56: 0 | AH56: 0 | AI56: 1 | AJ56: 0 | AK56: 0 | AL56: 0 | AM56: 0
B57: =IF(D57="","",M57-F57*0.5) -> 0 | C57: =IF(D57="","",M57-F57*0.8) -> 0 | D57: 景德镇市中医医院 | E57: 0 | F57: 0 | G57: 0 | H57: 0 | I57: 0 | J57: 0 | K57: 0 | L57: 0 | M57: 0 | N57: 0 | O57: 0 | P57: #DIV/0! | Q57: #DIV/0! | R57: #DIV/0! | S57: #DIV/0! | T57: #DIV/0! | U57: #DIV/0! | V57: #DIV/0! | W57: #DIV/0! | X57: #DIV/0! | Y57: #DIV/0! | Z57: #DIV/0! | AC57: 景德镇市中医医院 | AD57: 0 | AE57: 0 | AF57: 0 | AG57: 0 | AH57: 0 | AI57: 0 | AJ57: 0 | AK57: 0 | AL57: 0 | AM57: 0
B58: =IF(D58="","",M58-F58*0.5) -> 0 | C58: =IF(D58="","",M58-F58*0.8) -> 0 | D58: 九江市柴桑区人民医院 | E58: 0 | F58: 0 | G58: 0 | H58: 0 | I58: 0 | J58: 0 | K58: 0 | L58: 0 | M58: 0 | N58: 0 | O58: 0 | P58: #DIV/0! | Q58: #DIV/0! | R58: #DIV/0! | S58: #DIV/0! | T58: #DIV/0! | U58: #DIV/0! | V58: #DIV/0! | W58: #DIV/0! | X58: #DIV/0! | Y58: #DIV/0! | Z58: #DIV/0! | AC58: 九江市柴桑区人民医院 | AD58: 0 | AE58: 0 | AF58: 0 | AG58: 0 | AH58: 0 | AI58: 0 | AJ58: 0 | AK58: 0 | AL58: 0 | AM58: 0
B59: =IF(D59="","",M59-F59*0.5) -> 15.166667 | C59: =IF(D59="","",M59-F59*0.8) -> 0.26666667 | D59: 九江市第一人民医院八里湖总院 | E59: 189 | F59: 49.666667 | G59: 45.666667 | H59: 52.666667 | I59: 49.166667 | J59: 50 | K59: 49 | L59: 50 | M59: 40 | N59: 0 | O59: 0 | P59: 0.95134228 | Q59: 0.91946309 | R59: 1.0604027 | S59: 1 | T59: 0.26845638 | U59: 1.0067114 | V59: 0.98657718 | W59: 1.0067114 | X59: 0.80536913 | Y59: 0 | Z59: 0 | AC59: 九江市第一人民医院八里湖总院 | AD59: 2 | AE59: 2.6666667 | AF59: 3 | AG59: 1 | AH59: 6 | AI59: 1 | AJ59: 2 | AK59: 1 | AL59: 0 | AM59: 0
B60: =IF(D60="","",M60-F60*0.5) -> -9.1666667 | C60: =IF(D60="","",M60-F60*0.8) -> -15.266667 | D60: 九江市肿瘤医院 | E60: 8 | F60: 20.333333 | G60: 3.3333333 | H60: 3.3333333 | I60: 3.3333333 | J60: 0 | K60: 3 | L60: 4 | M60: 1 | N60: 0 | O60: 0 | P60: 0.098360656 | Q60: 0.16393443 | R60: 0.16393443 | S60: 0.1147541 | T60: 0.016393443 | U60: 0 | V60: 0.14754098 | W60: 0.19672131 | X60: 0.049180328 | Y60: 0 | Z60: 0 | AC60: 九江市肿瘤医院 | AD60: 0 | AE60: 0 | AF60: 0.33333333 | AG60: 0 | AH60: 0 | AI60: 1 | AJ60: 0 | AK60: 0 | AL60: 0 | AM60: 0
B61: =IF(D61="","",M61-F61*0.5) -> -3 | C61: =IF(D61="","",M61-F61*0.8) -> -8.4 | D61: 九江学院附属医院东院 | E61: 42 | F61: 18 | G61: 19.666667 | H61: 18.666667 | I61: 19.166667 | J61: 16 | K61: 9 | L61: 11 | M61: 6 | N61: 0 | O61: 0 | P61: 0.58333333 | Q61: 1.0925926 | R61: 1.037037 | S61: 0.66666667 | T61: 0.11111111 | U61: 0.88888889 | V61: 0.5 | W61: 0.61111111 | X61: 0.33333333 | Y61: 0 | Z61: 0 | AC61: 九江学院附属医院东院 | AD61: 0.66666667 | AE61: 1.3333333 | AF61: 0.33333333 | AG61: 0 | AH61: 0 | AI61: 1 | AJ61: 0 | AK61: 0 | AL61: 0 | AM61: 0
B62: =IF(D62="","",M62-F62*0.5) -> -1 | C62: =IF(D62="","",M62-F62*0.8) -> -1.6 | D62: 乐平天湖医院 | E62: 0 | F62: 2 | G62: 0 | H62: 0 | I62: 0 | J62: 0 | K62: 0 | L62: 0 | M62: 0 | N62: 0 | O62: 0 | P62: 0 | Q62: 0 | R62: 0 | S62: 0 | T62: 0 | U62: 0 | V62: 0 | W62: 0 | X62: 0 | Y62: 0 | Z62: 0 | AC62: 乐平天湖医院 | AD62: 0 | AE62: 0 | AF62: 0 | AG62: 0 | AH62: 0 | AI62: 0 | AJ62: 0 | AK62: 0 | AL62: 0 | AM62: 0
B63: =IF(D63="","",M63-F63*0.5) -> 0 | C63: =IF(D63="","",M63-F63*0.8) -> 0 | D63: 莲花县人民医院 | E63: 0 | F63: 0 | G63: 0 | H63: 0 | I63: 0 | J63: 0 | K63: 0 | L63: 0 | M63: 0 | N63: 0 | O63: 0 | P63: #DIV/0! | Q63: #DIV/0! | R63: #DIV/0! | S63: #DIV/0! | T63: #DIV/0! | U63: #DIV/0! | V63: #DIV/0! | W63: #DIV/0! | X63: #DIV/0! | Y63: #DIV/0! | Z63: #DIV/0! | AC63: 莲花县人民医院 | AD63: 0 | AE63: 0 | AF63: 0 | AG63: 0 | AH63: 0 | AI63: 0 | AJ63: 0 | AK63: 0 | AL63: 0 | AM63: 0
B64: =IF(D64="","",M64-F64*0.5) -> -4.1666667 | C64: =IF(D64="","",M64-F64*0.8) -> -6.6666667 | D64: 龙岩市博爱医院有限公司 | E64: 0 | F64: 8.3333333 | G64: 0 | H64: 0 | I64: 0 | J64: 0 | K64: 0 | L64: 0 | M64: 0 | N64: 0 | O64: 0 | P64: 0 | Q64: 0 | R64: 0 | S64: 0 | T64: 0 | U64: 0 | V64: 0 | W64: 0 | X64: 0 | Y64: 0 | Z64: 0 | AC64: 龙岩市博爱医院有限公司 | AD64: 0 | AE64: 0 | AF64: 0 | AG64: 0 | AH64: 0 | AI64: 0 | AJ64: 0 | AK64: 0 | AL64: 0 | AM64: 0
B65: =IF(D65="","",M65-F65*0.5) -> -4.6666667 | C65: =IF(D65="","",M65-F65*0.8) -> -7.4666667 | D65: 龙岩市第二医院 | E65: 0 | F65: 9.3333333 | G65: 0 | H65: 1 | I65: 0.5 | J65: 0 | K65: 0 | L65: 0 | M65: 0 | N65: 0 | O65: 0 | P65: 0 | Q65: 0 | R65: 0.10714286 | S65: 0 | T65: 0 | U65: 0 | V65: 0 | W65: 0 | X65: 0 | Y65: 0 | Z65: 0 | AC65: 龙岩市第二医院 | AD65: 0.33333333 | AE65: 0.33333333 | AF65: 0 | AG65: 0 | AH65: 0 | AI65: 0 | AJ65: 0 | AK65: 0 | AL65: 0 | AM65: 0
B66: =IF(D66="","",M66-F66*0.5) -> -39 | C66: =IF(D66="","",M66-F66*0.8) -> -65.4 | D66: 龙岩市第一医院 | E66: 62 | F66: 88 | G66: 1 | H66: 5.3333333 | I66: 3.1666667 | J66: 13 | K66: 21 | L66: 23 | M66: 5 | N66: 0 | O66: 0 | P66: 0.17613636 | Q66: 0.011363636 | R66: 0.060606061 | S66: 0.21590909 | T66: 0.018939394 | U66: 0.14772727 | V66: 0.23863636 | W66: 0.26136364 | X66: 0.056818182 | Y66: 0 | Z66: 0 | AC66: 龙岩市第一医院 | AD66: 0.66666667 | AE66: 1.3333333 | AF66: 1.6666667 | AG66: 0 | AH66: 3 | AI66: 1 | AJ66: 1 | AK66: 0 | AL66: 0 | AM66: 0
B67: =IF(D67="","",M67-F67*0.5) -> -2 | C67: =IF(D67="","",M67-F67*0.8) -> -3.2 | D67: 芦溪县人民医院 | E67: 0 | F67: 4 | G67: 0 | H67: 0 | I67: 0 | J67: 0 | K67: 0 | L67: 0 | M67: 0 | N67: 0 | O67: 0 | P67: 0 | Q67: 0 | R67: 0 | S67: 0 | T67: 0 | U67: 0 | V67: 0 | W67: 0 | X67: 0 | Y67: 0 | Z67: 0 | AC67: 芦溪县人民医院 | AD67: 0 | AE67: 0 | AF67: 0 | AG67: 0 | AH67: 0 | AI67: 0 | AJ67: 0 | AK67: 0 | AL67: 0 | AM67: 0
B68: =IF(D68="","",M68-F68*0.5) -> 4.8333333 | C68: =IF(D68="","",M68-F68*0.8) -> 3.5333333 | D68: 南安市医院新华街院区 | E68: 19 | F68: 4.3333333 | G68: 0.66666667 | H68: 3.3333333 | I68: 2 | J68: 5 | K68: 4 | L68: 3 | M68: 7 | N68: 0 | O68: 0 | P68: 1.0961538 | Q68: 0.15384615 | R68: 0.76923077 | S68: 0.92307692 | T68: 0.53846154 | U68: 1.1538462 | V68: 0.92307692 | W68: 0.69230769 | X68: 1.6153846 | Y68: 0 | Z68: 0 | AC68: 南安市医院新华街院区 | AD68: 0.33333333 | AE68: 0.66666667 | AF68: 0 | AG68: 1 | AH68: 0 | AI68: 0 | AJ68: 0 | AK68: 1 | AL68: 0 | AM68: 0
B69: =IF(D69="","",M69-F69*0.5) -> -41.666667 | C69: =IF(D69="","",M69-F69*0.8) -> -73.866667 | D69: 南昌大学第二附属医院东湖院区 | E69: 341 | F69: 107.33333 | G69: 76 | H69: -5.3333333 | I69: 35.333333 | J69: 74 | K69: 155 | L69: 100 | M69: 12 | N69: 0 | O69: 0 | P69: 0.79425466 | Q69: 0.70807453 | R69: -0.049689441 | S69: 1.0217391 | T69: 0.037267081 | U69: 0.68944099 | V69: 1.4440994 | W69: 0.93167702 | X69: 0.11180124 | Y69: 0 | Z69: 0 | AC69: 南昌大学第二附属医院东湖院区 | AD69: 6 | AE69: 4.6666667 | AF69: 2 | AG69: 1 | AH69: 2 | AI69: 2 | AJ69: 2 | AK69: 1 | AL69: 0 | AM69: 0
B70: =IF(D70="","",M70-F70*0.5) -> -30.833333 | C70: =IF(D70="","",M70-F70*0.8) -> -69.733333 | D70: 南昌大学第一附属医院东湖院区 | E70: 208 | F70: 129.66667 | G70: 44.666667 | H70: 55.333333 | I70: 50 | J70: 55 | K70: 46 | L70: 73 | M70: 34 | N70: 0 | O70: 0 | P70: 0.40102828 | Q70: 0.34447301 | R70: 0.42673522 | S70: 0.44730077 | T70: 0.087403599 | U70: 0.42416452 | V70: 0.35475578 | W70: 0.56298201 | X70: 0.2622108 | Y70: 0 | Z70: 0 | AC70: 南昌大学第一附属医院东湖院区 | AD70: 2.6666667 | AE70: 3.3333333 | AF70: 3 | AG70: 2 | AH70: 5 | AI70: 2 | AJ70: 2 | AK70: 2 | AL70: 0 | AM70: 0
B71: =IF(D71="","",M71-F71*0.5) -> -0.5 | C71: =IF(D71="","",M71-F71*0.8) -> -0.8 | D71: 南昌大学第一附属医院赣江新区医院 | E71: 0 | F71: 1 | G71: 0 | H71: 0 | I71: 0 | J71: 0 | K71: 0 | L71: 0 | M71: 0 | N71: 0 | O71: 0 | P71: 0 | Q71: 0 | R71: 0 | S71: 0 | T71: 0 | U71: 0 | V71: 0 | W71: 0 | X71: 0 | Y71: 0 | Z71: 0 | AC71: 南昌大学第一附属医院赣江新区医院 | AD71: 0 | AE71: 0 | AF71: 0 | AG71: 0 | AH71: 0 | AI71: 0 | AJ71: 0 | AK71: 0 | AL71: 0 | AM71: 0
B72: =IF(D72="","",M72-F72*0.5) -> 0 | C72: =IF(D72="","",M72-F72*0.8) -> 0 | D72: 南昌大学第一附属医院高新医院 | E72: 0 | F72: 0 | G72: 0 | H72: 0 | I72: 0 | J72: 0 | K72: 0 | L72: 0 | M72: 0 | N72: 0 | O72: 0 | P72: #DIV/0! | Q72: #DIV/0! | R72: #DIV/0! | S72: #DIV/0! | T72: #DIV/0! | U72: #DIV/0! | V72: #DIV/0! | W72: #DIV/0! | X72: #DIV/0! | Y72: #DIV/0! | Z72: #DIV/0! | AC72: 南昌大学第一附属医院高新医院 | AD72: 0 | AE72: 0 | AF72: 0 | AG72: 0 | AH72: 0 | AI72: 0 | AJ72: 0 | AK72: 0 | AL72: 0 | AM72: 0
B73: =IF(D73="","",M73-F73*0.5) -> 0 | C73: =IF(D73="","",M73-F73*0.8) -> 0 | D73: 南昌市第二中西医结合医院 | E73: 0 | F73: 0 | G73: 0 | H73: 0 | I73: 0 | J73: 0 | K73: 0 | L73: 0 | M73: 0 | N73: 0 | O73: 0 | P73: #DIV/0! | Q73: #DIV/0! | R73: #DIV/0! | S73: #DIV/0! | T73: #DIV/0! | U73: #DIV/0! | V73: #DIV/0! | W73: #DIV/0! | X73: #DIV/0! | Y73: #DIV/0! | Z73: #DIV/0! | AC73: 南昌市第二中西医结合医院 | AD73: 0 | AE73: 0 | AF73: 0 | AG73: 0 | AH73: 0 | AI73: 0 | AJ73: 0 | AK73: 0 | AL73: 0 | AM73: 0
B74: =IF(D74="","",M74-F74*0.5) -> -101.5 | C74: =IF(D74="","",M74-F74*0.8) -> -255.4 | D74: 南昌市第三医院抚河院区 | E74: 622 | F74: 513 | G74: -110.66667 | H74: 89.333333 | I74: -10.666667 | J74: 192 | K74: 138 | L74: 137 | M74: 155 | N74: 0 | O74: 0 | P74: 0.30311891 | Q74: -0.2157245 | R74: 0.17413905 | S74: 0.30344379 | T74: 0.10071475 | U74: 0.37426901 | V74: 0.26900585 | W74: 0.26705653 | X74: 0.30214425 | Y74: 0 | Z74: 0 | AC74: 南昌市第三医院抚河院区 | AD74: 11.333333 | AE74: 9.3333333 | AF74: 10.333333 | AG74: 7 | AH74: 8 | AI74: 10 | AJ74: 13 | AK74: 7 | AL74: 0 | AM74: 0
B75: =IF(D75="","",M75-F75*0.5) -> -4.3333333 | C75: =IF(D75="","",M75-F75*0.8) -> -8.1333333 | D75: 南平市第二医院 | E75: 12 | F75: 12.666667 | G75: 3.6666667 | H75: 1 | I75: 2.3333333 | J75: 3 | K75: 2 | L75: 5 | M75: 2 | N75: 0 | O75: 0 | P75: 0.23684211 | Q75: 0.28947368 | R75: 0.078947368 | S75: 0.26315789 | T75: 0.052631579 | U75: 0.23684211 | V75: 0.15789474 | W75: 0.39473684 | X75: 0.15789474 | Y75: 0 | Z75: 0 | AC75: 南平市第二医院 | AD75: 0.33333333 | AE75: 0 | AF75: 0 | AG75: 0 | AH75: 0 | AI75: 0 | AJ75: 0 | AK75: 0 | AL75: 0 | AM75: 0
B76: =IF(D76="","",M76-F76*0.5) -> 1.5 | C76: =IF(D76="","",M76-F76*0.8) -> -2.4 | D76: 宁德师范学院附属宁德市医院蕉城院区 | E76: 32 | F76: 13 | G76: 3 | H76: 4.3333333 | I76: 3.6666667 | J76: 5 | K76: 10 | L76: 9 | M76: 8 | N76: 0 | O76: 0 | P76: 0.61538462 | Q76: 0.23076923 | R76: 0.33333333 | S76: 0.61538462 | T76: 0.20512821 | U76: 0.38461538 | V76: 0.76923077 | W76: 0.69230769 | X76: 0.61538462 | Y76: 0 | Z76: 0 | AC76: 宁德师范学院附属宁德市医院蕉城院区 | AD76: 0.66666667 | AE76: 1 | AF76: 1 | AG76: 1 | AH76: 1 | AI76: 2 | AJ76: 0 | AK76: 1 | AL76: 0 | AM76: 0
B77: =IF(D77="","",M77-F77*0.5) -> -8.6666667 | C77: =IF(D77="","",M77-F77*0.8) -> -18.666667 | D77: 宁德市闽东医院 | E77: 60 | F77: 33.333333 | G77: 24.333333 | H77: 19 | I77: 21.666667 | J77: 17 | K77: 20 | L77: 15 | M77: 8 | N77: 0 | O77: 0 | P77: 0.45 | Q77: 0.73 | R77: 0.57 | S77: 0.52 | T77: 0.08 | U77: 0.51 | V77: 0.6 | W77: 0.45 | X77: 0.24 | Y77: 0 | Z77: 0 | AC77: 宁德市闽东医院 | AD77: 1 | AE77: 1.6666667 | AF77: 1.3333333 | AG77: 0 | AH77: 2 | AI77: 1 | AJ77: 1 | AK77: 0 | AL77: 0 | AM77: 0
B78: =IF(D78="","",M78-F78*0.5) -> -4.3333333 | C78: =IF(D78="","",M78-F78*0.8) -> -5.7333333 | D78: 萍乡市妇幼保健院 | E78: 25 | F78: 4.6666667 | G78: 22 | H78: 11.666667 | I78: 16.833333 | J78: 6 | K78: 4 | L78: 17 | M78: -2 | N78: 0 | O78: 0 | P78: 1.3392857 | Q78: 4.7142857 | R78: 2.5 | S78: 1.9285714 | T78: -0.14285714 | U78: 1.2857143 | V78: 0.85714286 | W78: 3.6428571 | X78: -0.42857143 | Y78: 0 | Z78: 0 | AC78: 萍乡市妇幼保健院 | AD78: 0.66666667 | AE78: 0.66666667 | AF78: 0.33333333 | AG78: 1 | AH78: 0 | AI78: 1 | AJ78: 0 | AK78: 1 | AL78: 0 | AM78: 0
B79: =IF(D79="","",M79-F79*0.5) -> -10.833333 | C79: =IF(D79="","",M79-F79*0.8) -> -32.333333 | D79: 萍乡市人民医院 | E79: 115 | F79: 71.666667 | G79: 35 | H79: 30 | I79: 32.5 | J79: 29 | K79: 25 | L79: 36 | M79: 25 | N79: 0 | O79: 0 | P79: 0.40116279 | Q79: 0.48837209 | R79: 0.41860465 | S79: 0.41860465 | T79: 0.11627907 | U79: 0.40465116 | V79: 0.34883721 | W79: 0.50232558 | X79: 0.34883721 | Y79: 0 | Z79: 0 | AC79: 萍乡市人民医院 | AD79: 1.6666667 | AE79: 1.3333333 | AF79: 2 | AG79: 1 | AH79: 3 | AI79: 0 | AJ79: 3 | AK79: 1 | AL79: 0 | AM79: 0
B80: =IF(D80="","",M80-F80*0.5) -> 16 | C80: =IF(D80="","",M80-F80*0.8) -> 10 | D80: 莆田市第一医院 | E80: 120 | F80: 20 | G80: 18 | H80: 27.333333 | I80: 22.666667 | J80: 32 | K80: 23 | L80: 39 | M80: 26 | N80: 0 | O80: 0 | P80: 1.5 | Q80: 0.9 | R80: 1.3666667 | S80: 1.5666667 | T80: 0.43333333 | U80: 1.6 | V80: 1.15 | W80: 1.95 | X80: 1.3 | Y80: 0 | Z80: 0 | AC80: 莆田市第一医院 | AD80: 1.6666667 | AE80: 2 | AF80: 2 | AG80: 1 | AH80: 0 | AI80: 2 | AJ80: 4 | AK80: 1 | AL80: 0 | AM80: 0
B81: =IF(D81="","",M81-F81*0.5) -> 14.833333 | C81: =IF(D81="","",M81-F81*0.8) -> -8.6666667 | D81: 莆田学院附属医院老院区 | E81: 173 | F81: 78.333333 | G81: 38.666667 | H81: 20.666667 | I81: 29.666667 | J81: 40 | K81: 46 | L81: 33 | M81: 54 | N81: 0 | O81: 0 | P81: 0.55212766 | Q81: 0.49361702 | R81: 0.26382979 | S81: 0.50638298 | T81: 0.22978723 | U81: 0.5106383 | V81: 0.58723404 | W81: 0.4212766 | X81: 0.6893617 | Y81: 0 | Z81: 0 | AC81: 莆田学院附属医院老院区 | AD81: 4 | AE81: 3 | AF81: 3.6666667 | AG81: 2 | AH81: 6 | AI81: 2 | AJ81: 3 | AK81: 2 | AL81: 0 | AM81: 0
B82: =IF(D82="","",M82-F82*0.5) -> -28.166667 | C82: =IF(D82="","",M82-F82*0.8) -> -65.466667 | D82: 泉州市第一医院东街院区 | E82: 168 | F82: 124.33333 | G82: 51.333333 | H82: 49.333333 | I82: 50.333333 | J82: 51 | K82: 45 | L82: 38 | M82: 34 | N82: 0 | O82: 0 | P82: 0.33780161 | Q82: 0.41286863 | R82: 0.39678284 | S82: 0.35924933 | T82: 0.091152815 | U82: 0.41018767 | V82: 0.36193029 | W82: 0.30563003 | X82: 0.27345845 | Y82: 0 | Z82: 0 | AC82: 泉州市第一医院东街院区 | AD82: 6 | AE82: 3.6666667 | AF82: 5.3333333 | AG82: 3 | AH82: 6 | AI82: 5 | AJ82: 5 | AK82: 3 | AL82: 0 | AM82: 0
B83: =IF(D83="","",M83-F83*0.5) -> -2.8333333 | C83: =IF(D83="","",M83-F83*0.8) -> -5.7333333 | D83: 三明市第二医院总院区 | E83: 9 | F83: 9.6666667 | G83: 1.3333333 | H83: 1.6666667 | I83: 1.5 | J83: 1 | K83: 3 | L83: 3 | M83: 2 | N83: 0 | O83: 0 | P83: 0.23275862 | Q83: 0.13793103 | R83: 0.17241379 | S83: 0.24137931 | T83: 0.068965517 | U83: 0.10344828 | V83: 0.31034483 | W83: 0.31034483 | X83: 0.20689655 | Y83: 0 | Z83: 0 | AC83: 三明市第二医院总院区 | AD83: 0 | AE83: 0.33333333 | AF83: 0 | AG83: 0 | AH83: 0 | AI83: 0 | AJ83: 0 | AK83: 0 | AL83: 0 | AM83: 0
B84: =IF(D84="","",M84-F84*0.5) -> -23.333333 | C84: =IF(D84="","",M84-F84*0.8) -> -37.333333 | D84: 三明市第一医院列东院区 | E84: 9 | F84: 46.666667 | G84: 0 | H84: 0.33333333 | I84: 0.16666667 | J84: 9 | K84: 0 | L84: 0 | M84: 0 | N84: 0 | O84: 0 | P84: 0.048214286 | Q84: 0 | R84: 0.0071428571 | S84: 0.064285714 | T84: 0 | U84: 0.19285714 | V84: 0 | W84: 0 | X84: 0 | Y84: 0 | Z84: 0 | AC84: 三明市第一医院列东院区 | AD84: 0.33333333 | AE84: 0.33333333 | AF84: 0 | AG84: 0 | AH84: 0 | AI84: 0 | AJ84: 0 | AK84: 0 | AL84: 0 | AM84: 0
B85: =IF(D85="","",M85-F85*0.5) -> -2.5 | C85: =IF(D85="","",M85-F85*0.8) -> -4 | D85: 三明市沙县区总医院 | E85: 0 | F85: 5 | G85: 0 | H85: 0 | I85: 0 | J85: 0 | K85: 0 | L85: 0 | M85: 0 | N85: 0 | O85: 0 | P85: 0 | Q85: 0 | R85: 0 | S85: 0 | T85: 0 | U85: 0 | V85: 0 | W85: 0 | X85: 0 | Y85: 0 | Z85: 0 | AC85: 三明市沙县区总医院 | AD85: 0 | AE85: 0 | AF85: 0 | AG85: 0 | AH85: 0 | AI85: 0 | AJ85: 0 | AK85: 0 | AL85: 0 | AM85: 0
... B101: =IF(D101="","",M101-F101*0.5) -> 8.3333333 | C101: =IF(D101="","",M101-F101*0.8) -> 4.3333333 | D101: 上海交通大学医学院附属第九人民医院南部院区 | E101: 58 | F101: 13.333333 | G101: 12 | H101: 11 | I101: 11.5 | J101: 18 | K101: 12 | L101: 13 | M101: 15 | N101: 0 | O101: 0 | P101: 1.0875 | Q101: 0.9 | R101: 0.825 | S101: 1.075 | T101: 0.375 | U101: 1.35 | V101: 0.9 | W101: 0.975 | X101: 1.125 | Y101: 0 | Z101: 0 | AC101: 上海交通大学医学院附属第九人民医院南部院区 | AD101: 0.66666667 | AE101: 1 | AF101: 0 | AG101: 0 | AH101: 0 | AI101: 0 | AJ101: 0 | AK101: 0 | AL101: 0 | AM101: 0
B102: =IF(D102="","",M102-F102*0.5) -> 0 | C102: =IF(D102="","",M102-F102*0.8) -> 0 | D102: 上海交通大学医学院附属第九人民医院浦东院区 | E102: 0 | F102: 0 | G102: 0 | H102: 0 | I102: 0 | J102: 0 | K102: 0 | L102: 0 | M102: 0 | N102: 0 | O102: 0 | P102: #DIV/0! | Q102: #DIV/0! | R102: #DIV/0! | S102: #DIV/0! | T102: #DIV/0! | U102: #DIV/0! | V102: #DIV/0! | W102: #DIV/0! | X102: #DIV/0! | Y102: #DIV/0! | Z102: #DIV/0! | AC102: 上海交通大学医学院附属第九人民医院浦东院区 | AD102: 0 | AE102: 0 | AF102: 0 | AG102: 0 | AH102: 0 | AI102: 0 | AJ102: 0 | AK102: 0 | AL102: 0 | AM102: 0
B103: =IF(D103="","",M103-F103*0.5) -> -1 | C103: =IF(D103="","",M103-F103*0.8) -> -1 | D103: 上海交通大学医学院附属仁济医院宝山分院 | E103: -1 | F103: 0 | G103: 0 | H103: 0.66666667 | I103: 0.33333333 | J103: 0 | K103: 0 | L103: 0 | M103: -1 | N103: 0 | O103: 0 | P103: #DIV/0! | Q103: #DIV/0! | R103: #DIV/0! | S103: #DIV/0! | T103: #DIV/0! | U103: #DIV/0! | V103: #DIV/0! | W103: #DIV/0! | X103: #DIV/0! | Y103: #DIV/0! | Z103: #DIV/0! | AC103: 上海交通大学医学院附属仁济医院宝山分院 | AD103: 0 | AE103: 0 | AF103: 0 | AG103: 0 | AH103: 0 | AI103: 0 | AJ103: 0 | AK103: 0 | AL103: 0 | AM103: 0
B104: =IF(D104="","",M104-F104*0.5) -> 8.3333333 | C104: =IF(D104="","",M104-F104*0.8) -> -22.666667 | D104: 上海交通大学医学院附属仁济医院东院 | E104: 617 | F104: 103.33333 | G104: 150 | H104: 177.66667 | I104: 163.83333 | J104: 200 | K104: 189 | L104: 168 | M104: 60 | N104: 0 | O104: 0 | P104: 1.4927419 | Q104: 1.4516129 | R104: 1.7193548 | S104: 1.7967742 | T104: 0.19354839 | U104: 1.9354839 | V104: 1.8290323 | W104: 1.6258065 | X104: 0.58064516 | Y104: 0 | Z104: 0 | AC104: 上海交通大学医学院附属仁济医院东院 | AD104: 5.6666667 | AE104: 7 | AF104: 10.666667 | AG104: 6 | AH104: 11 | AI104: 7 | AJ104: 14 | AK104: 6 | AL104: 0 | AM104: 0
B105: =IF(D105="","",M105-F105*0.5) -> 1.3333333 | C105: =IF(D105="","",M105-F105*0.8) -> -15.266667 | D105: 上海交通大学医学院附属仁济医院南院区 | E105: 153 | F105: 55.333333 | G105: 38.666667 | H105: 35.666667 | I105: 37.166667 | J105: 29 | K105: 44 | L105: 51 | M105: 29 | N105: 0 | O105: 0 | P105: 0.69126506 | Q105: 0.69879518 | R105: 0.64457831 | S105: 0.74698795 | T105: 0.1746988 | U105: 0.52409639 | V105: 0.79518072 | W105: 0.92168675 | X105: 0.52409639 | Y105: 0 | Z105: 0 | AC105: 上海交通大学医学院附属仁济医院南院区 | AD105: 0 | AE105: 0 | AF105: 0 | AG105: 0 | AH105: 0 | AI105: 0 | AJ105: 0 | AK105: 0 | AL105: 0 | AM105: 0
B106: =IF(D106="","",M106-F106*0.5) -> -138.66667 | C106: =IF(D106="","",M106-F106*0.8) -> -254.26667 | D106: 上海交通大学医学院附属瑞金医院黄浦院区 | E106: 422 | F106: 385.33333 | G106: 72.333333 | H106: 66.666667 | I106: 69.5 | J106: 90 | K106: 181 | L106: 97 | M106: 54 | N106: 0 | O106: 0 | P106: 0.27378893 | Q106: 0.18771626 | R106: 0.17301038 | S106: 0.3183391 | T106: 0.046712803 | U106: 0.23356401 | V106: 0.46972318 | W106: 0.2517301 | X106: 0.14013841 | Y106: 0 | Z106: 0 | AC106: 上海交通大学医学院附属瑞金医院黄浦院区 | AD106: 7 | AE106: 6 | AF106: 3.6666667 | AG106: 17 | AH106: 6 | AI106: 2 | AJ106: 3 | AK106: 17 | AL106: 0 | AM106: 0
B107: =IF(D107="","",M107-F107*0.5) -> -4.8333333 | C107: =IF(D107="","",M107-F107*0.8) -> -7.7333333 | D107: 上海交通大学医学院附属瑞金医院嘉定院区 | E107: 0 | F107: 9.6666667 | G107: 0 | H107: 0 | I107: 0 | J107: 0 | K107: 0 | L107: 0 | M107: 0 | N107: 0 | O107: 0 | P107: 0 | Q107: 0 | R107: 0 | S107: 0 | T107: 0 | U107: 0 | V107: 0 | W107: 0 | X107: 0 | Y107: 0 | Z107: 0 | AC107: 上海交通大学医学院附属瑞金医院嘉定院区 | AD107: 0 | AE107: 0 | AF107: 0 | AG107: 0 | AH107: 0 | AI107: 0 | AJ107: 0 | AK107: 0 | AL107: 0 | AM107: 0
B108: =IF(D108="","",M108-F108*0.5) -> -6.5 | C108: =IF(D108="","",M108-F108*0.8) -> -10.4 | D108: 上海交通大学医学院附属瑞金医院卢湾分院 | E108: 0 | F108: 13 | G108: 0 | H108: 0 | I108: 0 | J108: 0 | K108: 0 | L108: 0 | M108: 0 | N108: 0 | O108: 0 | P108: 0 | Q108: 0 | R108: 0 | S108: 0 | T108: 0 | U108: 0 | V108: 0 | W108: 0 | X108: 0 | Y108: 0 | Z108: 0 | AC108: 上海交通大学医学院附属瑞金医院卢湾分院 | AD108: 0 | AE108: 0 | AF108: 0 | AG108: 0 | AH108: 0 | AI108: 0 | AJ108: 0 | AK108: 0 | AL108: 0 | AM108: 0
B109: =IF(D109="","",M109-F109*0.5) -> -2 | C109: =IF(D109="","",M109-F109*0.8) -> -6.8 | D109: 上海交通大学医学院附属瑞金医院肿瘤质子中心 | E109: 12 | F109: 16 | G109: 0 | H109: 0 | I109: 0 | J109: 0 | K109: 0 | L109: 6 | M109: 6 | N109: 0 | O109: 0 | P109: 0.1875 | Q109: 0 | R109: 0 | S109: 0.125 | T109: 0.125 | U109: 0 | V109: 0 | W109: 0.375 | X109: 0.375 | Y109: 0 | Z109: 0 | AC109: 上海交通大学医学院附属瑞金医院肿瘤质子中心 | AD109: 0 | AE109: 0 | AF109: 0 | AG109: 0 | AH109: 0 | AI109: 0 | AJ109: 0 | AK109: 0 | AL109: 0 | AM109: 0
B110: =IF(D110="","",M110-F110*0.5) -> -6.3333333 | C110: =IF(D110="","",M110-F110*0.8) -> -11.333333 | D110: 上海交通大学医学院附属松江医院 | E110: 6 | F110: 16.666667 | G110: 2.6666667 | H110: 2 | I110: 2.3333333 | J110: 1 | K110: 2 | L110: 1 | M110: 2 | N110: 0 | O110: 0 | P110: 0.09 | Q110: 0.16 | R110: 0.12 | S110: 0.08 | T110: 0.04 | U110: 0.06 | V110: 0.12 | W110: 0.06 | X110: 0.12 | Y110: 0 | Z110: 0 | AC110: 上海交通大学医学院附属松江医院 | AD110: 0 | AE110: 0 | AF110: 0 | AG110: 0 | AH110: 0 | AI110: 0 | AJ110: 0 | AK110: 0 | AL110: 0 | AM110: 0
B111: =IF(D111="","",M111-F111*0.5) -> 1.6666667 | C111: =IF(D111="","",M111-F111*0.8) -> -5.7333333 | D111: 上海交通大学医学院附属同仁医院仙霞路院区 | E111: 79 | F111: 24.666667 | G111: 12.333333 | H111: 13.333333 | I111: 12.833333 | J111: 21 | K111: 11 | L111: 33 | M111: 14 | N111: 0 | O111: 0 | P111: 0.80067568 | Q111: 0.5 | R111: 0.54054054 | S111: 0.87837838 | T111: 0.18918919 | U111: 0.85135135 | V111: 0.44594595 | W111: 1.3378378 | X111: 0.56756757 | Y111: 0 | Z111: 0 | AC111: 上海交通大学医学院附属同仁医院仙霞路院区 | AD111: 1.3333333 | AE111: 1.6666667 | AF111: 0 | AG111: 0 | AH111: 0 | AI111: 0 | AJ111: 0 | AK111: 0 | AL111: 0 | AM111: 0
B112: =IF(D112="","",M112-F112*0.5) -> 7.1666667 | C112: =IF(D112="","",M112-F112*0.8) -> -21.533333 | D112: 上海交通大学医学院附属新华医院 | E112: 228 | F112: 95.666667 | G112: 60 | H112: 39 | I112: 49.5 | J112: 44 | K112: 71 | L112: 58 | M112: 55 | N112: 0 | O112: 0 | P112: 0.59581882 | Q112: 0.6271777 | R112: 0.40766551 | S112: 0.60278746 | T112: 0.19163763 | U112: 0.45993031 | V112: 0.74216028 | W112: 0.60627178 | X112: 0.57491289 | Y112: 0 | Z112: 0 | AC112: 上海交通大学医学院附属新华医院 | AD112: 8.3333333 | AE112: 5 | AF112: 4.3333333 | AG112: 3 | AH112: 3 | AI112: 4 | AJ112: 6 | AK112: 3 | AL112: 0 | AM112: 0
B113: =IF(D113="","",M113-F113*0.5) -> -2.1666667 | C113: =IF(D113="","",M113-F113*0.8) -> -3.4666667 | D113: 上海进康肿瘤医院有限公司 | E113: 10 | F113: 4.3333333 | G113: 3.3333333 | H113: 3.3333333 | I113: 3.3333333 | J113: 5 | K113: 5 | L113: 0 | M113: 0 | N113: 0 | O113: 0 | P113: 0.57692308 | Q113: 0.76923077 | R113: 0.76923077 | S113: 0.76923077 | T113: 0 | U113: 1.1538462 | V113: 1.1538462 | W113: 0 | X113: 0 | Y113: 0 | Z113: 0 | AC113: 上海进康肿瘤医院有限公司 | AD113: 0 | AE113: 0 | AF113: 0 | AG113: 0 | AH113: 0 | AI113: 0 | AJ113: 0 | AK113: 0 | AL113: 0 | AM113: 0
B114: =IF(D114="","",M114-F114*0.5) -> 0 | C114: =IF(D114="","",M114-F114*0.8) -> 0 | D114: 上海临床研究中心 | E114: 0 | F114: 0 | G114: 0 | H114: 0 | I114: 0 | J114: 0 | K114: 0 | L114: 0 | M114: 0 | N114: 0 | O114: 0 | P114: #DIV/0! | Q114: #DIV/0! | R114: #DIV/0! | S114: #DIV/0! | T114: #DIV/0! | U114: #DIV/0! | V114: #DIV/0! | W114: #DIV/0! | X114: #DIV/0! | Y114: #DIV/0! | Z114: #DIV/0! | AC114: 上海临床研究中心 | AD114: 0 | AE114: 0 | AF114: 0 | AG114: 0 | AH114: 0 | AI114: 0 | AJ114: 0 | AK114: 0 | AL114: 0 | AM114: 0
B115: =IF(D115="","",M115-F115*0.5) -> -5.5 | C115: =IF(D115="","",M115-F115*0.8) -> -8.8 | D115: 上海美中嘉和肿瘤门诊部有限责任公司 | E115: 50 | F115: 11 | G115: 8.3333333 | H115: 24.333333 | I115: 16.333333 | J115: 50 | K115: 0 | L115: 0 | M115: 0 | N115: 0 | O115: 0 | P115: 1.1363636 | Q115: 0.75757576 | R115: 2.2121212 | S115: 1.5151515 | T115: 0 | U115: 4.5454545 | V115: 0 | W115: 0 | X115: 0 | Y115: 0 | Z115: 0 | AC115: 上海美中嘉和肿瘤门诊部有限责任公司 | AD115: 0 | AE115: 0 | AF115: 0 | AG115: 0 | AH115: 0 | AI115: 0 | AJ115: 0 | AK115: 0 | AL115: 0 | AM115: 0
...

Sheet 盲盘跟进
A2: 行标签 | B2: 25MAX | C2: 26H1SU | D2: 备注 | E2: LEL | F2: 目标设定 | G2: 2506SU | H2: 2509SU
A3: 万载县人民医院 | B3: 7 | C3: 1 | D3: 没做好 | E3: 江西一圈 | G3: 3 | H3: 1
A4: 宜春市人民医院 | B4: 31 | C4: 5 | D4: 得罪 | E4: 江西一圈 | G4: 10 | H4: 7
A5: 吉安市中心人民医院北院区 | B5: 34 | C5: 0 | D5: 没做好 | E5: 江西一圈 | G5: 23 | H5: 16
A6: 大田县总医院 | B6: 6 | C6: 0 | D6: 准入问题 | E6: 林丽贞 | G6: 0 | H6: 0
A7: 福建医科大学孟超肝胆医院西洪院区 | B7: 7 | C7: 0 | D7: 协和引流 | E7: 林丽贞 | G7: 3 | H7: 0
A8: 尤溪县总医院 | B8: 9 | C8: 0 | D8: 准入问题 | E8: 林丽贞 | G8: 7 | H8: 0
A9: 福建省将乐县总医院 | B9: 9 | C9: 0 | D9: 准入问题 | E9: 林丽贞 | G9: 6 | H9: 12
A10: 三明市沙县区总医院 | B10: 10 | C10: 0 | D10: 未覆盖 | E10: 林丽贞 | F10: 4月27日-1支 | G10: 10 | H10: 0
A11: 福州市第二总医院 | B11: 10 | C11: 3 | D11: 引流 | E11: 林丽贞 | G11: 0 | H11: 0
A12: 福建医科大学附属福州市第一总医院达道院区 | B12: 14 | C12: 0 | D12: 准入问题 | E12: 林丽贞 | G12: 15 | H12: 13
A13: 石狮市总医院 | B13: 24 | C13: 0 | D13: 准入问题 | E13: 林丽贞 | F13: 4月准入跟进 | G13: 0 | H13: 0
A14: 安溪县医院 | B14: 40 | C14: 0 | D14: 了解 | E14: 林丽贞 | G14: 0 | H14: 20
A15: 福鼎市医院 | B15: 40 | C15: 5 | E15: 林丽贞 | G15: 40 | H15: 0
A16: 晋江市医院新院 | B16: 87 | C16: 5 | D16: 准入问题 | E16: 林丽贞 | F16: 4月准入跟进 | G16: 21 | H16: 20
A17: 中国人民解放军第184医院 | B17: 6 | C17: 0 | D17: 没做好 | E17: 唐晓玉 | G17: 4 | H17: 1
A18: 抚州市第一人民医院附属医院院区 | B18: 12 | C18: 4 | D18: 没做好 | E18: 唐晓玉 | G18: 1 | H18: 1
A19: 九江市肿瘤医院 | B19: 15 | C19: 5 | E19: 唐晓玉 | G19: 4 | H19: 15
A20: 丰城市人民医院 | B20: 29 | C20: 6 | D20: 得罪 | E20: 唐晓玉 | G20: 0 | H20: 0
A21: 厦门长庚医院 | B21: 5 | C21: 0 | E21: 许辉容 | G21: 1 | H21: 1
A22: 龙岩市第二医院 | B22: 15 | C22: 0 | D22: 准入问题 | E22: 许辉容 | G22: 0 | H22: 0
A23: 厦门医学院附属第二医院 | B23: 25 | C23: 0 | D23: 需评估 | E23: 许辉容 | G23: 12 | H23: 7
A24: 中国人民解放军联勤保障部队第九O九医院 | B24: 36 | C24: 0 | D24: 准入问题 | E24: 许辉容 | G24: 15 | H24: 7
A25: 漳州正兴医院 | B25: 70 | C25: 0 | D25: 了解 | E25: 许辉容 | G25: 0 | H25: 20
A26: 厦门市妇幼保健院镇海院区 | B26: 99 | C26: 10 | D26: 未上架 | E26: 许辉容 | G26: 50 | H26: 80
A27: 上海市徐汇区中心医院 | B27: 40 | C27: 0 | D27: 准入 | E27: 钟明珠 | F27: 4月
A28: 复旦大学附属浦东医院 | B28: 36 | C28: 2 | D28: 小妥 | E28: 钟明珠
A29: 上海嘉会国际医院 | B29: 31 | C29: 2 | D29: 输注 | E29: 钟明珠
A30: 复旦大学附属中山医院青浦分院 | B30: 20 | C30: 0 | D30: 准入 | E30: 钟明珠 | F30: 转化
A31: 上海市第七人民医院 | B31: 10 | C31: 2 | D31: 准入 | E31: 钟明珠
A32: 上海市第六人民医院金山分院 | B32: 10 | C32: 4 | D32: 准入 | E32: 钟明珠
A33: 金山区亭林医院 | B33: 8 | C33: 0 | D33: 准入 | E33: 钟明珠 | F33: 4月
A34: 上海市奉贤区中心医院 | B34: 5 | C34: 0 | D34: 准入 | E34: 钟明珠

Sheet 伊赫莱
E3: Brand | F3: Itovebi | O3: 产品品规 | P3: Itovebi 9mg | Z3: 产品品规 | AA3: Itovebi 3mg
B4: 月趋势 | G4: DDI | P4: 摘星 | AA4: 精准诊断
B5: DDI | C5: 摘星 | D5: 精准诊断 | E5: 行标签 | F5: 26H1月均SU | G5: 26Q1月均SU | H5: 26Q2月均SU | I5: 2601SU | J5: 2602SU | K5: 2603SU | L5: 2604SU | M5: 2605SU | N5: 2606SU | O5: 行标签 | P5: 25Q3月均 | Q5: 25Q4月均 | R5: 26Q1月均 | S5: 26Q2月均 | T5: 1月 | U5: 2月 | V5: 3月 | W5: 4月 | X5: 5月 | Y5: 6月 | Z5: 行标签 | AA5: 25Q3月均 | AB5: 25Q4月均 | AC5: 26Q1月均 | AD5: 26Q2月均 | AE5: 1月 | AF5: 2月 | AG5: 3月 | AH5: 4月 | AI5: 5月 | AJ5: 6月
E6: 福建省立医院 | F6: 0.25 | G6: 0.33333333 | H6: 0 | I6: 1 | J6: 0 | K6: 0 | L6: 0 | M6: 0 | N6: 0 | O6: 福建省立医院 | P6: 0 | Q6: 0 | R6: 1 | S6: 0 | T6: 1 | U6: 0 | V6: 2 | W6: 0 | X6: 0 | Y6: 0 | Z6: 福建省立医院 | AA6: 1 | AB6: 3 | AC6: 0.66666667 | AD6: 2 | AE6: 2 | AF6: 0 | AG6: 0 | AH6: 2 | AI6: 0 | AJ6: 0
E7: 福建省肿瘤医院 | F7: 11.25 | G7: 15 | H7: 0 | I7: 4 | J7: 1 | K7: 40 | L7: 0 | M7: 0 | N7: 0 | O7: 福建省肿瘤医院 | P7: 0.66666667 | Q7: 0.66666667 | R7: 3 | S7: 1 | T7: 3 | U7: 2 | V7: 4 | W7: 1 | X7: 0 | Y7: 0 | Z7: 福建省肿瘤医院 | AA7: 4.6666667 | AB7: 10 | AC7: 4.3333333 | AD7: 6 | AE7: 5 | AF7: 5 | AG7: 3 | AH7: 6 | AI7: 0 | AJ7: 0
E8: 福建医科大学附属第二医院鲤城院区 | F8: 1.5 | G8: 1.6666667 | H8: 1 | I8: 5 | J8: 0 | K8: 0 | L8: 1 | M8: 0 | N8: 0 | O8: 福建医科大学附属第二医院鲤城院区 | P8: 0 | Q8: 0 | R8: 0.33333333 | S8: 1 | T8: 1 | U8: 0 | V8: 0 | W8: 1 | X8: 0 | Y8: 0 | Z8: 福建医科大学附属第二医院鲤城院区 | AA8: 2 | AB8: 1.6666667 | AC8: 4.6666667 | AD8: 3 | AE8: 6 | AF8: 1 | AG8: 7 | AH8: 3 | AI8: 0 | AJ8: 0
E9: 福建医科大学附属第一医院 | F9: 3.75 | G9: 5 | H9: 0 | I9: 2 | J9: 9 | K9: 4 | L9: 0 | M9: 0 | N9: 0 | O9: 福建医科大学附属第一医院 | P9: 0 | Q9: 0 | R9: 2.3333333 | S9: 0 | T9: 3 | U9: 3 | V9: 1 | W9: 0 | X9: 0 | Y9: 0 | Z9: 福建医科大学附属第一医院 | AA9: 1.6666667 | AB9: 1.3333333 | AC9: 2.3333333 | AD9: 3 | AE9: 1 | AF9: 3 | AG9: 3 | AH9: 3 | AI9: 0 | AJ9: 0
E10: 福建医科大学附属协和医院 | F10: 13.25 | G10: 10.333333 | H10: 22 | I10: 11 | J10: 8 | K10: 12 | L10: 22 | M10: 0 | N10: 0 | O10: 福建医科大学附属协和医院 | P10: 0 | Q10: 0 | R10: 5.6666667 | S10: 6 | T10: 4 | U10: 8 | V10: 5 | W10: 6 | X10: 0 | Y10: 0 | Z10: 福建医科大学附属协和医院 | AA10: 9 | AB10: 13 | AC10: 19 | AD10: 11 | AE10: 25 | AF10: 14 | AG10: 18 | AH10: 11 | AI10: 0 | AJ10: 0
E11: 复旦大学附属妇产科医院黄浦院区 | F11: 6 | G11: 6 | H11: 6 | I11: 0 | J11: 12 | K11: 6 | L11: 6 | M11: 0 | N11: 0 | O11: 复旦大学附属妇产科医院黄浦院区 | P11: 0.33333333 | Q11: 0.33333333 | R11: 0.33333333 | S11: 1 | T11: 1 | U11: 0 | V11: 0 | W11: 1 | X11: 0 | Y11: 0 | Z11: 复旦大学附属妇产科医院黄浦院区 | AA11: 2 | AB11: 1 | AC11: 0.33333333 | AD11: 0 | AE11: 0 | AF11: 0 | AG11: 1 | AH11: 0 | AI11: 0 | AJ11: 0
E12: 复旦大学附属华山医院总院 | F12: 11.75 | G12: 10 | H12: 17 | I12: 14 | J12: 1 | K12: 15 | L12: 17 | M12: 0 | N12: 0 | O12: 复旦大学附属华山医院总院 | P12: 1 | Q12: 1 | R12: 2 | S12: 1 | T12: 3 | U12: 1 | V12: 2 | W12: 1 | X12: 0 | Y12: 0 | Z12: 复旦大学附属华山医院总院 | AA12: 2.6666667 | AB12: 1.3333333 | AC12: 3 | AD12: 9 | AE12: 5 | AF12: 2 | AG12: 2 | AH12: 9 | AI12: 0 | AJ12: 0
E13: 复旦大学附属中山医院 | F13: 16.25 | G13: 21.666667 | H13: 0 | I13: 64 | J13: 0 | K13: 1 | L13: 0 | M13: 0 | N13: 0 | O13: 复旦大学附属中山医院 | P13: 0 | Q13: 0 | R13: 1.6666667 | S13: 2 | T13: 1 | U13: 2 | V13: 2 | W13: 2 | X13: 0 | Y13: 0 | Z13: 复旦大学附属中山医院 | AA13: 6.3333333 | AB13: 4.3333333 | AC13: 5.6666667 | AD13: 3 | AE13: 8 | AF13: 5 | AG13: 4 | AH13: 3 | AI13: 0 | AJ13: 0
E14: 赣南医科大学第一附属医院章贡院区 | F14: 0.5 | G14: 0 | H14: 2 | I14: 0 | J14: 0 | K14: 0 | L14: 2 | M14: 0 | N14: 0 | O14: 赣南医科大学第一附属医院章贡院区 | P14: 0 | Q14: 0 | R14: 0 | S14: 1 | T14: 0 | U14: 0 | V14: 0 | W14: 1 | X14: 0 | Y14: 0 | Z14: 赣南医科大学第一附属医院章贡院区 | AA14: 2.3333333 | AB14: 1.3333333 | AC14: 1.6666667 | AD14: 1 | AE14: 1 | AF14: 2 | AG14: 2 | AH14: 1 | AI14: 0 | AJ14: 0
E15: 江西省肿瘤医院 | F15: 5.25 | G15: 7 | H15: 0 | I15: 14 | J15: 2 | K15: 5 | L15: 0 | M15: 0 | N15: 0 | O15: 江西省肿瘤医院 | P15: 0 | Q15: 0 | R15: 2.3333333 | S15: 0 | T15: 4 | U15: 2 | V15: 1 | W15: 0 | X15: 0 | Y15: 0 | Z15: 江西省肿瘤医院 | AA15: 3.6666667 | AB15: 5 | AC15: 3.6666667 | AD15: 3 | AE15: 7 | AF15: 0 | AG15: 4 | AH15: 3 | AI15: 0 | AJ15: 0
E16: 南昌大学第一附属医院东湖院区 | F16: 4.25 | G16: 4.3333333 | H16: 4 | I16: 6 | J16: 4 | K16: 3 | L16: 4 | M16: 0 | N16: 0 | O16: 南昌大学第一附属医院东湖院区 | P16: 0 | Q16: 0 | R16: 1 | S16: 0 | T16: 2 | U16: 0 | V16: 1 | W16: 0 | X16: 0 | Y16: 0 | Z16: 南昌大学第一附属医院东湖院区 | AA16: 1.3333333 | AB16: 1.3333333 | AC16: 1.6666667 | AD16: 3 | AE16: 2 | AF16: 0 | AG16: 3 | AH16: 3 | AI16: 0 | AJ16: 0
E17: 南昌市第三医院抚河院区 | F17: 13.5 | G17: 12 | H17: 18 | I17: 27 | J17: 0 | K17: 9 | L17: 18 | M17: 0 | N17: 0 | O17: 南昌市第三医院抚河院区 | P17: 0 | Q17: 0 | R17: 4.6666667 | S17: 1 | T17: 5 | U17: 3 | V17: 6 | W17: 1 | X17: 0 | Y17: 0 | Z17: 南昌市第三医院抚河院区 | AA17: 15.333333 | AB17: 14 | AC17: 13.666667 | AD17: 12 | AE17: 23 | AF17: 5 | AG17: 13 | AH17: 12 | AI17: 0 | AJ17: 0
... E26: 总计 | F26: 110 | G26: 114.66667 | H26: 96 | I26: 158 | J26: 63 | K26: 123 | L26: 96 | M26: 0 | N26: 0 | O26: 总计 | P26: 3.6666667 | Q26: 3.6666667 | R26: 30.666667 | S26: 19 | T26: 36 | U26: 25 | V26: 31 | W26: 19 | X26: 0 | Y26: 0 | Z26: 总计 | AA26: 76.666667 | AB26: 84 | AC26: 88.666667 | AD26: 78 | AE26: 113 | AF26: 63 | AG26: 90 | AH26: 78 | AI26: 0 | AJ26: 0

Sheet Con%
A1: LEL | B1: (全部) | C1: 金额 | I1: Brand | J1: (全部) | K1: 全产品
A3: 行标签 | B3: 25月均SV | C3: 25Q3SV | D3: 25Q4SV | E3: 26Q1SV | F3: 26Q2SV | G3: 26H1SV | I3: 行标签 | J3: 25月均SV | K3: 25Q3SV | L3: 25Q4SV | M3: 26Q1SV | N3: 26Q2SV | O3: 26H1SV
A4: Herceptin IV | B4: 0.16242978 | C4: 0.16299988 | D4: 0.14882917 | E4: 0.1353936 | F4: 0.18232745 | G4: 0.14451583 | I4: 上海市 | J4: 0.48285213 | K4: 0.51138428 | L4: 0.51720004 | M4: 0.53231672 | N4: 0.5047358 | O4: 0.52698151
A5: Herceptin SC | B5: 0.1689887 | C5: 0.14533587 | D5: 0.13737748 | E5: 0.12343715 | F5: 0.14018735 | G5: 0.12669278 | I5: 钟明珠 | J5: 0.17489082 | K5: 0.18666432 | L5: 0.1644836 | M5: 0.19118146 | N5: 0.20840439 | O5: 0.19451303
A6: Itovebi | B6: 0.0012263924 | C6: 0.0015324479 | D6: 0.0034679785 | E6: 0.03804946 | F6: 0.050453555 | G6: 0.040460363 | I6: 周小英 | J6: 0.30796131 | K6: 0.32471995 | L6: 0.35271643 | M6: 0.34113526 | N6: 0.29633142 | O6: 0.33246848
A7: Perjeta | B7: 0.32335266 | C7: 0.28500297 | D7: 0.2447063 | E7: 0.20044663 | F7: 0.16832913 | G7: 0.19420416 | I7: 福建省 | J7: 0.31145313 | K7: 0.32660519 | L7: 0.29736627 | M7: 0.277303 | N7: 0.2990112 | O7: 0.2815022
A8: Phesgo | B8: 0.34400247 | C8: 0.40512883 | D8: 0.46561907 | E8: 0.50267315 | F8: 0.45870251 | G8: 0.49412686 | I8: 林丽贞 | J8: 0.15550985 | K8: 0.16724887 | L8: 0.14945807 | M8: 0.14926435 | N8: 0.15087503 | O8: 0.14957592
A9: 总计 | B9: 1 | C9: 1 | D9: 1 | E9: 1 | F9: 1 | G9: 1 | I9: 许辉容 | J9: 0.15594327 | K9: 0.15935632 | L9: 0.1479082 | M9: 0.12803865 | N9: 0.14813617 | O9: 0.13192628
I10: 江西省 | J10: 0.20569475 | K10: 0.16201054 | L10: 0.18543369 | M10: 0.19038028 | N10: 0.196253 | O10: 0.19151629
I11: 江西一圈 | J11: 0.12024119 | K11: 0.12749128 | L11: 0.11074514 | M11: 0.11187329 | N11: 0.096468134 | O11: 0.10889334
I12: 唐晓玉 | J12: 0.085453552 | K12: 0.03451926 | L12: 0.07468855 | M12: 0.078506992 | N12: 0.099784864 | O12: 0.08262295
I13: 总计 | J13: 1 | K13: 1 | L13: 1 | M13: 1 | N13: 1 | O13: 1
A16: Brand | B16: (多项) | C16: HF-数量 | I16: Brand | J16: (多项) | K16: PF-数量
A18: 行标签 | B18: 25月均 | C18: 25Q3SU | D18: 25Q4SU | E18: 26Q1SU | F18: 26Q2SU | G18: 26H1SU | I18: 行标签 | J18: 25月均 | K18: 25Q3SU | L18: 25Q4SU | M18: 26Q1SU | N18: 26Q2SU | O18: 26H1SU
A19: 上海市 | B19: 0.5117915 | C19: 0.52943487 | D19: 0.52297656 | E19: 0.5446299 | F19: 0.49570201 | G19: 0.53474233 | I19: 上海市 | J19: 0.4598563 | K19: 0.50741787 | L19: 0.50800435 | M19: 0.51463018 | N19: 0.49730244 | O19: 0.511594
A20: 钟明珠 | B20: 0.18260138 | C20: 0.18996577 | D20: 0.16431285 | E20: 0.18517175 | F20: 0.1991404 | G20: 0.1879946 | I20: 钟明珠 | J20: 0.16619462 | K20: 0.18580007 | L20: 0.15721169 | M20: 0.18952253 | N20: 0.20691844 | O20: 0.19257065
A21: 周小英 | B21: 0.32919011 | C21: 0.33946911 | D21: 0.3586637 | E21: 0.35945815 | F21: 0.2965616 | G21: 0.34674773 | I21: 周小英 | J21: 0.29366168 | K21: 0.3216178 | L21: 0.35079266 | M21: 0.32510766 | N21: 0.29038401 | O21: 0.31902334
A22: 福建省 | B22: 0.29416372 | C22: 0.31668444 | D22: 0.29414295 | E22: 0.25798258 | F22: 0.30491882 | G22: 0.26746767 | I22: 福建省 | J22: 0.31366645 | K22: 0.3237372 | L22: 0.29522847 | M22: 0.28701437 | N22: 0.28562361 | O22: 0.28677068
A23: 林丽贞 | B23: 0.12908279 | C23: 0.14276895 | D23: 0.13312782 | E23: 0.12379052 | F23: 0.14637058 | G23: 0.1283536 | I23: 林丽贞 | J23: 0.17402063 | K23: 0.1832097 | L23: 0.16801368 | M23: 0.17516169 | N23: 0.15677563 | O23: 0.17194007
A24: 许辉容 | B24: 0.16508093 | C24: 0.17391548 | D24: 0.16101513 | E24: 0.13419207 | F24: 0.15854823 | G24: 0.13911407 | I24: 许辉容 | J24: 0.13964582 | K24: 0.14052749 | L24: 0.1272148 | M24: 0.11185268 | N24: 0.12884798 | O24: 0.11483061
A25: 江西省 | B25: 0.19404479 | C25: 0.15388069 | D25: 0.18288049 | E25: 0.19738752 | F25: 0.19937918 | G25: 0.19779 | I25: 江西省 | J25: 0.22647725 | K25: 0.16884493 | L25: 0.19676717 | M25: 0.19835545 | N25: 0.21707394 | O25: 0.20163532
A26: 江西一圈 | B26: 0.10351279 | C26: 0.10595432 | D26: 0.11183597 | E26: 0.11695694 | F26: 0.10458453 | G26: 0.11445667 | I26: 江西一圈 | J26: 0.14054022 | K26: 0.15371482 | L26: 0.11579111 | M26: 0.11920165 | N26: 0.10536338 | O26: 0.11677689
A27: 唐晓玉 | B27: 0.090531995 | C27: 0.047926371 | D27: 0.071044519 | E27: 0.080430576 | F27: 0.094794651 | G27: 0.083333333 | I27: 唐晓玉 | J27: 0.085937034 | K27: 0.015130107 | L27: 0.080976065 | M27: 0.079153803 | N27: 0.11171057 | O27: 0.08485843
A28: 总计 | B28: 1 | C28: 1 | D28: 1 | E28: 1 | F28: 1 | G28: 1 | I28: 总计 | J28: 1 | K28: 1 | L28: 1 | M28: 1 | N28: 1 | O28: 1

Sheet 医院
B2: 行标签 | C2: 25MAX | D2: 25月均 | E2: 25H2月均 | F2: 2507SU | G2: 2508SU | H2: 2509SU | I2: 2510SU | J2: 2511SU | K2: 2512SU | L2: 2601SU | M2: 2602SU | N2: 2603SU | O2: 2604SU | P2: 2605SU | Q2: 2606SU
B3: 第二军医大学附属长征医院和田路分院 | C3: 10 | D3: 7.5 | E3: 8.3333333 | F3: 10 | G3: 5 | H3: 10 | I3: 10 | J3: 10 | K3: 5 | L3: 15 | M3: 5 | N3: 8 | O3: 15 | P3: 0 | Q3: 0
B4: 复旦大学附属妇产科医院黄浦院区 | C4: 0 | D4: -15.916667 | E4: 0 | F4: 0 | G4: 0 | H4: 0 | I4: 0 | J4: 0 | K4: 0 | L4: 0 | M4: 0 | N4: 0 | O4: 0 | P4: 0 | Q4: 0
B5: 复旦大学附属妇产科医院长三角一体化示范区青浦分院 | C5: 5 | D5: 0.41666667 | E5: 0 | F5: 0 | G5: 0 | H5: 0 | I5: 0 | J5: 0 | K5: 0 | L5: 0 | M5: 0 | N5: 0 | O5: 0 | P5: 0 | Q5: 0
B6: 复旦大学附属华东医院 | C6: 80 | D6: 48 | E6: 32 | F6: 42 | G6: 30 | H6: 60 | I6: 0 | J6: 30 | K6: 30 | L6: 20 | M6: 26 | N6: 5 | O6: 10 | P6: 0 | Q6: 0
B7: 复旦大学附属华山医院总院 | C7: 267 | D7: 158.25 | E7: 133.66667 | F7: 148 | G7: 112 | H7: 220 | I7: 105 | J7: 108 | K7: 109 | L7: 115 | M7: 105 | N7: 0 | O7: 0 | P7: 0 | Q7: 0
B8: 海军军医大学第三附属医院嘉定院区 | C8: 0 | D8: 0 | E8: 0 | F8: 0 | G8: 0 | H8: 0 | I8: 0 | J8: 0 | K8: 0 | L8: 0 | M8: 0 | N8: 0 | O8: 0 | P8: 0 | Q8: 0
B9: 上海安达医院 | C9: 20 | D9: 7.75 | E9: 7.6666667 | F9: 7 | G9: 7 | H9: 10 | I9: 7 | J9: 10 | K9: 5 | L9: 5 | M9: 5 | N9: 5 | O9: 13 | P9: 0 | Q9: 0
B10: 上海百汇医院有限责任公司 | C10: 6 | D10: 1.0833333 | E10: 1.1666667 | F10: 6 | G10: 0 | H10: 0 | I10: 0 | J10: 1 | K10: 0 | L10: 0 | M10: 0 | N10: 0 | O10: 0 | P10: 0 | Q10: 0
B11: 上海好望角医院 | C11: 20 | D11: 10.416667 | E11: 8.3333333 | F11: 10 | G11: 10 | H11: 10 | I11: 0 | J11: 5 | K11: 15 | L11: 10 | M11: 15 | N11: 20 | O11: 10 | P11: 0 | Q11: 0
B12: 上海交通大学医学院附属第九人民医院北部院区 | C12: 13 | D12: 5 | E12: 3 | F12: 5 | G12: 2 | H12: 5 | I12: 1 | J12: 1 | K12: 4 | L12: 1 | M12: 1 | N12: 0 | O12: 0 | P12: 0 | Q12: 0
B13: 上海交通大学医学院附属仁济医院宝山分院 | C13: 4 | D13: 0.58333333 | E13: 1.1666667 | F13: 0 | G13: 0 | H13: 0 | I13: 3 | J13: 4 | K13: 0 | L13: 0 | M13: 0 | N13: 0 | O13: -3 | P13: 0 | Q13: 0
B14: 上海交通大学医学院附属仁济医院东院 | C14: 175 | D14: 57.916667 | E14: 24.166667 | F14: 20 | G14: 30 | H14: 0 | I14: 65 | J14: 0 | K14: 30 | L14: 20 | M14: 20 | N14: 40 | O14: 10 | P14: 0 | Q14: 0
... B48: 总计 | C48: 1861 | D48: 952.08333 | E48: 801.83333 | F48: 898 | G48: 855 | H48: 890 | I48: 669 | J48: 660 | K48: 839 | L48: 711 | M48: 622 | N48: 587 | O48: 465 | P48: 0 | Q48: 0

Sheet HF月均趋势
A1: Brand | B1: (多项)
A3: 行标签 | B3: 25月均 | C3: 25H2月均 | D3: 26H1月均SU | E3: 25Q3月均SU | F3: 25Q4月均SU | G3: 26Q1月均SU | H3: 26Q2月均SU | I3: 季度月均趋势 | J3: Q1GAP-25H2月均 | K3: Q1GAP-25月均
A4: 上海市 | B4: 2940.5833 | C4: 2788.1667 | D4: 2770.5 | E4: 3144.6667 | F4: 2431.6667 | G4: 3002 | H4: 2076 | J4: =G4-C4 -> 213.83333 | K4: =G4-B4 -> 61.416667
A5: 钟明珠 | B5: 1049.1667 | C5: 946.16667 | D5: 974 | E5: 1128.3333 | F5: 764 | G5: 1020.6667 | H5: 834 | J5: =G5-C5 -> 74.5 | K5: =G5-B5 -> -28.5
A6: 周小英 | B6: 1891.4167 | C6: 1842 | D6: 1796.5 | E6: 2016.3333 | F6: 1667.6667 | G6: 1981.3333 | H6: 1242 | J6: =G6-C6 -> 139.33333 | K6: =G6-B6 -> 89.916667
A7: 福建省 | B7: 1690.1667 | C7: 1624.3333 | D7: 1385.75 | E7: 1881 | F7: 1367.6667 | G7: 1422 | H7: 1277 | J7: =G7-C7 -> -202.33333 | K7: =G7-B7 -> -268.16667
A8: 林丽贞 | B8: 741.66667 | C8: 733.5 | D8: 665 | E8: 848 | F8: 619 | G8: 682.33333 | H8: 613 | J8: =G8-C8 -> -51.166667 | K8: =G8-B8 -> -59.333333
A9: 许辉容 | B9: 948.5 | C9: 890.83333 | D9: 720.75 | E9: 1033 | F9: 748.66667 | G9: 739.66667 | H9: 664 | J9: =G9-C9 -> -151.16667 | K9: =G9-B9 -> -208.83333
A10: 江西省 | B10: 1114.9167 | C10: 882.16667 | D10: 1024.75 | E10: 914 | F10: 850.33333 | G10: 1088 | H10: 835 | J10: =G10-C10 -> 205.83333 | K10: =G10-B10 -> -26.916667
A11: 江西一圈 | B11: 594.75 | C11: 574.66667 | D11: 593 | E11: 629.33333 | F11: 520 | G11: 644.66667 | H11: 438 | J11: =G11-C11 -> 70 | K11: =G11-B11 -> 49.916667
A12: 唐晓玉 | B12: 520.16667 | C12: 307.5 | D12: 431.75 | E12: 284.66667 | F12: 330.33333 | G12: 443.33333 | H12: 397 | J12: =G12-C12 -> 135.83333 | K12: =G12-B12 -> -76.833333
A13: 总计 | B13: 5745.6667 | C13: 5294.6667 | D13: 5181 | E13: 5939.6667 | F13: 4649.6667 | G13: 5512 | H13: 4188 | J13: =G13-C13 -> 217.33333 | K13: =G13-B13 -> -233.66667
A15: 医院分层 | B15: 头部
A16: Brand | B16: (多项)
A18: 行标签 | B18: 25月均 | C18: 25H2月均 | D18: 26H1月均SU | E18: 25Q3月均SU | F18: 25Q4月均SU | G18: 26Q1月均SU | H18: 26Q2月均SU | I18: 季度月均趋势 | J18: Q1GAP-25H2月均 | K18: Q1GAP-25月均
A19: 上海交通大学医学院附属瑞金医院黄浦院区 | B19: 497.66667 | C19: 508.5 | D19: 558.5 | E19: 498.33333 | F19: 518.66667 | G19: 582.66667 | H19: 486 | J19: =G19-C19 -> 74.166667 | K19: =G19-B19 -> 85
A20: 福建省肿瘤医院 | B20: 266.66667 | C20: 233.5 | D20: 169.5 | E20: 283.66667 | F20: 183.33333 | G20: 172.66667 | H20: 160 | J20: =G20-C20 -> -60.833333 | K20: =G20-B20 -> -94
A21: 南昌市第三医院抚河院区 | B21: 244.58333 | C21: 44.166667 | D21: 207 | E21: 11.666667 | F21: 76.666667 | G21: 208 | H21: 204 | J21: =G21-C21 -> 163.83333 | K21: =G21-B21 -> -36.583333
A22: 厦门大学附属第一医院 | B22: 229.66667 | C22: 212.33333 | D22: 138.75 | E22: 244.66667 | F22: 180 | G22: 149.33333 | H22: 107 | J22: =G22-C22 -> -63 | K22: =G22-B22 -> -80.333333
A23: 复旦大学附属中山医院 | B23: 220.16667 | C23: 216.66667 | D23: 215 | E23: 246.66667 | F23: 186.66667 | G23: 232 | H23: 164 | J23: =G23-C23 -> 15.333333 | K23: =G23-B23 -> 11.833333
A24: 复旦大学附属华山医院总院 | B24: 190.33333 | C24: 171.16667 | D24: 149.25 | E24: 238.33333 | F24: 104 | G24: 173.33333 | H24: 77 | J24: =G24-C24 -> 2.1666667 | K24: =G24-B24 -> -17
A25: 上海交通大学医学院附属仁济医院东院 | B25: 167.08333 | C25: 194.33333 | D25: 190.75 | E25: 181 | F25: 207.66667 | G25: 234.33333 | H25: 60 | J25: =G25-C25 -> 40 | K25: =G25-B25 -> 67.25
A26: 福建医科大学附属协和医院 | B26: 147.5 | C26: 191.33333 | D26: 208.25 | E26: 200 | F26: 182.66667 | G26: 223.33333 | H26: 163 | J26: =G26-C26 -> 32 | K26: =G26-B26 -> 75.833333
A27: 上海长海医院 | B27: 141.25 | C27: 91.666667 | D27: 118.5 | E27: 142.66667 | F27: 40.666667 | G27: 126.33333 | H27: 95 | J27: =G27-C27 -> 34.666667 | K27: =G27-B27 -> -14.916667
A28: 江西省肿瘤医院 | B28: 122.33333 | C28: 140.83333 | D28: 145.25 | E28: 139.33333 | F28: 142.33333 | G28: 155.66667 | H28: 114 | J28: =G28-C28 -> 14.833333 | K28: =G28-B28 -> 33.333333
A29: 赣南医科大学第一附属医院章贡院区 | B29: 96.75 | C29: 106 | D29: 109.5 | E29: 103 | F29: 109 | G29: 112 | H29: 102 | J29: =G29-C29 -> 6 | K29: =G29-B29 -> 15.25
A30: 上海市第二人民医院 | B30: 93.833333 | C30: 56 | D30: 59 | E30: 54.333333 | F30: 57.666667 | G30: 60.333333 | H30: 55 | J30: =G30-C30 -> 4.3333333 | K30: =G30-B30 -> -33.5
... A39: 总计 | B39: 2962.0833 | C39: 2673 | D39: 2649.25 | E39: 2908.6667 | F39: 2437.3333 | G39: 2832.3333 | H39: 2100 | J39: =G39-C39 -> 159.33333 | K39: =G39-B39 -> -129.75

Sheet PF月均趋势
A1: Brand | B1: (多项)
A3: 行标签 | B3: 24Q4P月均 | C3: 25月均 | D3: 25H2月均 | E3: 26H1月均SU | F3: 25Q3月均SU | G3: 25Q4月均SU | H3: 26Q1月均SU | I3: 26Q2月均SU | J3: 季度月均趋势 | K3: Q1GAP-24Q4月均 | L3: Q1GAP-25月均 | M3: Q1GAP-25H2月均
A4: 福建省 | B4: 2245 | C4: 1753.5 | D4: 1549.6667 | E4: 1289.25 | F4: 1833 | G4: 1266.3333 | H4: 1419 | I4: 900 | K4: =$H4-B4 -> -826 | L4: =$H4-C4 -> -334.5 | M4: =$H4-D4 -> -130.66667
A5: 林丽贞 | B5: 1252.3333 | C5: 972.83333 | D5: 879 | E5: 773 | F5: 1037.3333 | G5: 720.66667 | H5: 866 | I5: 494 | K5: =$H5-B5 -> -386.33333 | L5: =$H5-C5 -> -106.83333 | M5: =$H5-D5 -> -13
A6: 许辉容 | B6: 992.66667 | C6: 780.66667 | D6: 670.66667 | E6: 516.25 | F6: 795.66667 | G6: 545.66667 | H6: 553 | I6: 406 | K6: =$H6-B6 -> -439.66667 | L6: =$H6-C6 -> -227.66667 | M6: =$H6-D6 -> -117.66667
A7: 江西省 | B7: 1888 | C7: 1266.0833 | D7: 900 | E7: 906.5025 | F7: 956 | G7: 844 | H7: 980.67 | I7: 684 | K7: =$H7-B7 -> -907.33 | L7: =$H7-C7 -> -285.41333 | M7: =$H7-D7 -> 80.67
A8: 江西一圈 | B8: 1013 | C8: 785.66667 | D8: 683.5 | E8: 525 | F8: 870.33333 | G8: 496.66667 | H8: 589.33333 | I8: 332 | K8: =$H8-B8 -> -423.66667 | L8: =$H8-C8 -> -196.33333 | M8: =$H8-D8 -> -94.166667
A9: 唐晓玉 | B9: 875 | C9: 480.41667 | D9: 216.5 | E9: 381.5025 | F9: 85.666667 | G9: 347.33333 | H9: 391.33667 | I9: 352 | K9: =$H9-B9 -> -483.66333 | L9: =$H9-C9 -> -89.08 | M9: =$H9-D9 -> 174.83667
A10: 上海市 | B10: 2386 | C10: 2570.75 | D10: 2526 | E10: 2300 | F10: 2873 | G10: 2179 | H10: 2544.3333 | I10: 1567 | K10: =$H10-B10 -> 158.33333 | L10: =$H10-C10 -> -26.416667 | M10: =$H10-D10 -> 18.333333
A11: 钟明珠 | B11: 968.66667 | C11: 929.08333 | D11: 863.16667 | E11: 865.75 | F11: 1052 | G11: 674.33333 | H11: 937 | I11: 652 | K11: =$H11-B11 -> -31.666667 | L11: =$H11-C11 -> 7.9166667 | M11: =$H11-D11 -> 73.833333
A12: 周小英 | B12: 1417.3333 | C12: 1641.6667 | D12: 1662.8333 | E12: 1434.25 | F12: 1821 | G12: 1504.6667 | H12: 1607.3333 | I12: 915 | K12: =$H12-B12 -> 190 | L12: =$H12-C12 -> -34.333333 | M12: =$H12-D12 -> -55.5
A13: 总计 | B13: 6519 | C13: 5590.3333 | D13: 4975.6667 | E13: 4495.7525 | F13: 5662 | G13: 4289.3333 | H13: 4944.0033 | I13: 3151 | K13: =$H13-B13 -> -1574.9967 | L13: =$H13-C13 -> -646.33 | M13: =$H13-D13 -> -31.663333
A15: 医院分层 | B15: 头部
A16: Brand | B16: (多项)
A18: 行标签 | B18: 24Q4P月均 | C18: 25月均 | D18: 25H2月均 | E18: 26H1月均SU | F18: 25Q3月均SU | G18: 25Q4月均SU | H18: 26Q1月均SU | I18: 26Q2月均SU | J18: 季度月均趋势 | K18: Q1GAP-24Q4月均 | L18: Q1GAP-25月均 | M18: Q1GAP-25H2月均
A19: 上海交通大学医学院附属瑞金医院黄浦院区 | B19: 385.33333 | C19: 368.33333 | D19: 378.5 | E19: 368.5 | F19: 388.33333 | G19: 368.66667 | H19: 387.66667 | I19: 311 | K19: =$H19-B19 -> 2.3333333 | L19: =$H19-C19 -> 19.333333 | M19: =$H19-D19 -> 9.1666667
A20: 南昌市第三医院抚河院区 | B20: 513 | C20: 246.66667 | D20: 25.166667 | E20: 223.2525 | F20: -109.66667 | G20: 160 | H20: 223.33667 | I20: 223 | K20: =$H20-B20 -> -289.66333 | L20: =$H20-C20 -> -23.33 | M20: =$H20-D20 -> 198.17
A21: 福建医科大学附属协和医院 | B21: 320 | C21: 245.83333 | D21: 257.83333 | E21: 272.5 | F21: 320 | G21: 195.66667 | H21: 295.33333 | I21: 204 | K21: =$H21-B21 -> -24.666667 | L21: =$H21-C21 -> 49.5 | M21: =$H21-D21 -> 37.5
A22: 复旦大学附属华山医院总院 | B22: 173.66667 | C22: 233.83333 | D22: 247 | E22: 156.75 | F22: 316.66667 | G22: 177.33333 | H22: 199 | I22: 30 | K22: =$H22-B22 -> 25.333333 | L22: =$H22-C22 -> -34.833333 | M22: =$H22-D22 -> -48
A23: 福建省肿瘤医院 | B23: 241.66667 | C23: 190.58333 | D23: 158.66667 | E23: 69.5 | F23: 227.33333 | G23: 90 | H23: 66 | I23: 80 | K23: =$H23-B23 -> -175.66667 | L23: =$H23-C23 -> -124.58333 | M23: =$H23-D23 -> -92.666667
A24: 上海交通大学医学院附属仁济医院东院 | B24: 103.33333 | C24: 159.08333 | D24: 174.33333 | E24: 166.25 | F24: 152.66667 | G24: 196 | H24: 198.33333 | I24: 70 | K24: =$H24-B24 -> 95 | L24: =$H24-C24 -> 39.25 | M24: =$H24-D24 -> 24
A25: 复旦大学附属中山医院 | B25: 166.66667 | C25: 156 | D25: 153.5 | E25: 171.5 | F25: 184.66667 | G25: 122.33333 | H25: 178 | I25: 152 | K25: =$H25-B25 -> 11.333333 | L25: =$H25-C25 -> 22 | M25: =$H25-D25 -> 24.5
A26: 江西省肿瘤医院 | B26: 209.66667 | C26: 147.83333 | D26: 135.83333 | E26: 100.5 | F26: 166 | G26: 105.66667 | H26: 119.66667 | I26: 43 | K26: =$H26-B26 -> -90 | L26: =$H26-C26 -> -28.166667 | M26: =$H26-D26 -> -16.166667
A27: 厦门大学附属第一医院 | B27: 247 | C27: 147.66667 | D27: 125.33333 | E27: 87.5 | F27: 139.33333 | G27: 111.33333 | H27: 95.333333 | I27: 64 | K27: =$H27-B27 -> -151.66667 | L27: =$H27-C27 -> -52.333333 | M27: =$H27-D27 -> -30
A28: 赣南医科大学第一附属医院章贡院区 | B28: 200.33333 | C28: 129.16667 | D28: 134.33333 | E28: 114.25 | F28: 144.33333 | G28: 124.33333 | H28: 115.66667 | I28: 110 | K28: =$H28-B28 -> -84.666667 | L28: =$H28-C28 -> -13.5 | M28: =$H28-D28 -> -18.666667
A29: 上海市第二人民医院 | B29: 106.66667 | C29: 123.33333 | D29: 109.83333 | E29: 115.5 | F29: 122.33333 | G29: 97.333333 | H29: 134.33333 | I29: 59 | K29: =$H29-B29 -> 27.666667 | L29: =$H29-C29 -> 11 | M29: =$H29-D29 -> 24.5
A30: 福建省立医院 | B30: 127.66667 | C30: 121.75 | D30: 128.66667 | E30: 92.75 | F30: 144.33333 | G30: 113 | H30: 112 | I30: 35 | K30: =$H30-B30 -> -15.666667 | L30: =$H30-C30 -> -9.75 | M30: =$H30-D30 -> -16.666667
... A39: 总计 | B39: 3625.3333 | C39: 2977.3333 | D39: 2594.8333 | E39: 2349.2525 | F39: 2931.6667 | G39: 2258 | H39: 2578.67 | I39: 1661 | K39: =$H39-B39 -> -1046.6633 | L39: =$H39-C39 -> -398.66333 | M39: =$H39-D39 -> -16.163333

Sheet LEL
A3: 行标签 | B3: 25MAX | C3: 25月均 | D3: 25H2月均 | E3: 2507SU | F3: 2508SU | G3: 2509SU | H3: 2510SU | I3: 2511SU | J3: 2512SU | K3: 2601SU | L3: 2602SU | M3: 2603SU | N3: 2604SU | O3: 2605SU | P3: 2606SU
A4: 江西一圈 | B4: 2346 | C4: 1080.9167 | D4: 896.33333 | E4: 1088 | F4: 984 | G4: 1241 | H4: 611 | I4: 712 | J4: 742 | K4: 743 | L4: 736 | M4: 805 | N4: 477 | O4: 0 | P4: 0
A5: Herceptin IV | B5: 200 | C5: 89.833333 | D5: 90 | E5: 83 | F5: 69 | G5: 142 | H5: 63 | I5: 67 | J5: 116 | K5: 68 | L5: 61 | M5: 70 | N5: 49 | O5: 0 | P5: 0
A6: Herceptin SC | B6: 500 | C6: 204.25 | D6: 120.66667 | E6: 143 | F6: 121 | G6: 139 | H6: 119 | I6: 105 | J6: 97 | K6: 113 | L6: 73 | M6: 84 | N6: 85 | O6: 0 | P6: 0
A7: Itovebi | B7: 8 | C7: 1.1666667 | D7: 2.1666667 | E7: 2 | F7: 2 | G7: 1 | H7: 1 | I7: 0 | J7: 7 | K7: 24 | L7: 10 | M7: 13 | N7: 11 | O7: 0 | P7: 0
A8: Perjeta | B8: 1022 | C8: 485 | D8: 319.5 | E8: 572 | F8: 347 | G8: 501 | H8: 117 | I8: 189 | J8: 191 | K8: 91 | L8: 99 | M8: 113 | N8: 28 | O8: 0 | P8: 0
A9: Phesgo | B9: 616 | C9: 300.66667 | D9: 364 | E9: 288 | F9: 445 | G9: 458 | H9: 311 | I9: 351 | J9: 331 | K9: 447 | L9: 493 | M9: 525 | N9: 304 | O9: 0 | P9: 0
A10: 林丽贞 | B10: 3672 | C10: 1457 | D10: 1256.3333 | E10: 1129 | F10: 1353 | G10: 2123 | H10: 834 | I10: 1427 | J10: 672 | K10: 1248 | L10: 1089 | M10: 1164 | N10: 817 | O10: 0 | P10: 0
A11: Herceptin IV | B11: 636 | C11: 256.91667 | D11: 222.66667 | E11: 273 | F11: 215 | G11: 437 | H11: 84 | I11: 236 | J11: 91 | K11: 228 | L11: 131 | M11: 162 | N11: 212 | O11: 0 | P11: 0
A12: Herceptin SC | B12: 525 | C12: 226.75 | D12: 153.66667 | E12: 161 | F12: 161 | G12: 243 | H12: 92 | I12: 194 | J12: 71 | K12: 96 | L12: 124 | M12: 103 | N12: 86 | O12: 0 | P12: 0
A13: Itovebi | B13: 2 | C13: 0.5 | D13: 1 | E13: 1 | F13: 0 | G13: 2 | H13: 1 | I13: 1 | J13: 1 | K13: 19 | L13: 23 | M13: 17 | N13: 25 | O13: 0 | P13: 0
A14: Perjeta | B14: 1960 | C14: 714.83333 | D14: 521.83333 | E14: 357 | F14: 649 | G14: 1052 | H14: 265 | I14: 651 | J14: 157 | K14: 514 | L14: 404 | M14: 477 | N14: 179 | O14: 0 | P14: 0
A15: Phesgo | B15: 549 | C15: 258 | D15: 357.16667 | E15: 337 | F15: 328 | G15: 389 | H15: 392 | I15: 345 | J15: 352 | K15: 391 | L15: 407 | M15: 405 | N15: 315 | O15: 0 | P15: 0
... A40: 总计 | B40: 22068 | C40: 9117.8333 | D40: 7788.1667 | E40: 7543 | F40: 7735 | G40: 11580 | H40: 5807 | I40: 7263 | J40: 6801 | K40: 8117.01 | L40: 6992 | M40: 7731 | N40: 5537 | O40: 0 | P40: 0

Sheet 大妥进度
P1: 时间进度 | Q1: =NETWORKDAYS(DATE(YEAR(TODAY()), MONTH(TODAY()), 1), TODAY(), P2:P12)-1 -> 18 | R1: =NETWORKDAYS(DATE(YEAR(TODAY()), MONTH(TODAY()), 1), EOMONTH(TODAY(), 0),P2:P12) -> 21
B2: 产品品规 | C2: Phesgo 10ml | P2: 46118
L3: MAX
B4: 行标签 | C4: 25MAX | D4: 25月均 | E4: 25H2月均 | F4: 26H1月均SU | G4: 26Q1月均SU | H4: 26Q2月均SU | I4: 当月TU | J4: 当月SU | K4: 当月进度 | L4: 时间进度折算完成
B5: 第二军医大学附属长征医院和田路分院 | C5: 0 | D5: 0 | E5: 0 | F5: 0 | G5: 0 | H5: 0 | I5: 1.6438957e-06 | J5: 0 | K5: 0 | L5: =IFERROR(J5/(C5/$R$1*$Q$1),"-") -> - | N5: 有PIV最高值
B6: 复旦大学附属妇产科医院黄浦院区 | C6: 236 | D6: 87.25 | E6: 83.833333 | F6: 12.5 | G6: 16.666667 | H6: 0 | I6: 88.680094 | J6: 0 | K6: 0 | L6: =IFERROR(J6/(C6/$R$1*$Q$1),"-") -> 0 | N6: 目前0
B7: 复旦大学附属妇产科医院长三角一体化示范区青浦分院 | C7: 17 | D7: 10.583333 | E7: 10.666667 | F7: 7.5 | G7: 7 | H7: 9 | I7: 8.8051342 | J7: 9 | K7: 1.0221309 | L7: =IFERROR(J7/(C7/$R$1*$Q$1),"-") -> 0.61764706
B8: 复旦大学附属华东医院 | C8: 22 | D8: 8.4166667 | E8: 14.5 | F8: 21 | G8: 22.333333 | H8: 17 | I8: 20.500354 | J8: 17 | K8: 0.82925397 | L8: =IFERROR(J8/(C8/$R$1*$Q$1),"-") -> 0.90151515
B9: 复旦大学附属华山医院总院 | C9: 202 | D9: 70.083333 | E9: 108.33333 | F9: 98.75 | G9: 121.66667 | H9: 30 | I9: 127.51848 | J9: 30 | K9: 0.23526002 | L9: =IFERROR(J9/(C9/$R$1*$Q$1),"-") -> 0.17326733
B10: 海军军医大学第三附属医院嘉定院区 | C10: 0 | D10: 0 | E10: 0 | F10: 0 | G10: 0 | H10: 0 | I10: 1.6438957e-06 | J10: 0 | K10: 0 | L10: =IFERROR(J10/(C10/$R$1*$Q$1),"-") -> -
B11: 上海安达医院 | C11: 29 | D11: 17.25 | E11: 19.5 | F11: 16.75 | G11: 15.666667 | H11: 20 | I11: 20.988953 | J11: 20 | K11: 0.95288219 | L11: =IFERROR(J11/(C11/$R$1*$Q$1),"-") -> 0.8045977
B12: 上海百汇医院有限责任公司 | C12: 0 | D12: 0 | E12: 0 | F12: 0 | G12: 0 | H12: 0 | I12: 0.054045901 | J12: 0 | K12: 0 | L12: =IFERROR(J12/(C12/$R$1*$Q$1),"-") -> -
B13: 上海好望角医院 | C13: 15 | D13: 8.8333333 | E13: 12.5 | F13: 14.75 | G13: 16.333333 | H13: 10 | I13: 12.291168 | J13: 10 | K13: 0.81359231 | L13: =IFERROR(J13/(C13/$R$1*$Q$1),"-") -> 0.77777778
B14: 上海交通大学医学院附属第九人民医院北部院区 | C14: 15 | D14: 8.1666667 | E14: 9.3333333 | F14: 17.5 | G14: 18.333333 | H14: 15 | I14: 9.7639635 | J14: 15 | K14: 1.5362614 | L14: =IFERROR(J14/(C14/$R$1*$Q$1),"-") -> 1.1666667
B15: 上海交通大学医学院附属仁济医院宝山分院 | C15: 2 | D15: 0.16666667 | E15: 0.33333333 | F15: -0.25 | G15: 0 | H15: -1 | I15: 0.41445256 | J15: -1 | K15: -2.4128214 | L15: =IFERROR(J15/(C15/$R$1*$Q$1),"-") -> -0.58333333
B16: 上海交通大学医学院附属仁济医院东院 | C16: 180 | D16: 92.083333 | E16: 136.5 | F16: 133.25 | G16: 157.66667 | H16: 60 | I16: 144.58379 | J16: 60 | K16: 0.41498429 | L16: =IFERROR(J16/(C16/$R$1*$Q$1),"-") -> 0.38888889
B17: 上海交通大学医学院附属仁济医院南院区 | C17: 65 | D17: 25.333333 | E17: 28.833333 | F17: 30.25 | G17: 30.666667 | H17: 29 | I17: 51.489147 | J17: 29 | K17: 0.56322548 | L17: =IFERROR(J17/(C17/$R$1*$Q$1),"-") -> 0.52051282
B18: 上海交通大学医学院附属瑞金医院黄浦院区 | C18: 68 | D18: 44.75 | E18: 64.166667 | F18: 94 | G18: 109.33333 | H18: 48 | I18: 100.3983 | J18: 48 | K18: 0.47809574 | L18: =IFERROR(J18/(C18/$R$1*$Q$1),"-") -> 0.82352941
... B50: 总计 | C50: 1581 | D50: 640.41667 | E50: 814.33333 | F50: 797 | G50: 916.66667 | H50: 438 | I50: 972.65884 | J50: 438 | K50: 0.45031205 | L50: =IFERROR(J50/(C50/$R$1*$Q$1),"-") -> 0.32321316
L51: =IFERROR(J51/(C51/$R$1*$Q$1),"-") -> -
L52: =IFERROR(J52/(C52/$R$1*$Q$1),"-") -> -
L53: =IFERROR(J53/(C53/$R$1*$Q$1),"-") -> -
L54: =IFERROR(J54/(C54/$R$1*$Q$1),"-") -> -
L55: =IFERROR(J55/(C55/$R$1*$Q$1),"-") -> -
L56: =IFERROR(J56/(C56/$R$1*$Q$1),"-") -> -
L57: =IFERROR(J57/(C57/$R$1*$Q$1),"-") -> -
L58: =IFERROR(J58/(C58/$R$1*$Q$1),"-") -> -
L59: =IFERROR(J59/(C59/$R$1*$Q$1),"-") -> -
L60: =IFERROR(J60/(C60/$R$1*$Q$1),"-") -> -
L61: =IFERROR(J61/(C61/$R$1*$Q$1),"-") -> -
L62: =IFERROR(J62/(C62/$R$1*$Q$1),"-") -> -
... L191: =IFERROR(J191/(C191/$R$1*$Q$1),"-") -> -

Sheet 大妥破0追踪
A1: LEL | B1: 行标签 | C1: 医院分层 | D1: MAX | E1: 当月大妥目标 | F1: 当月SU | G1: 当月大妥目标进度 | H1: 是否破0 | I1: 突破月 | J1: 预计破0日期 | K1: 备注(若短期无法破0,备注原因) | T1: 突破月 | U1: (多项)
A2: 江西一圈 | B2: 南昌大学第二附属医院东湖院区 | C2: 腰部 | D2: 13 | E2: =_xlfn.XLOOKUP(B2,大妥进度!B:B,大妥进度!I:I,0) -> 0 | F2: =_xlfn.XLOOKUP(B2,大妥进度!B:B,大妥进度!J:J,0) -> 0 | G2: =IFERROR(F2/E2,"") | H2: =IF(F2>0,1,0) -> 0 | I2: 3月 | J2: 3月已破0
A3: 江西一圈 | B3: 赣州市肿瘤医院 | C3: 腰部 | D3: 4 | E3: =_xlfn.XLOOKUP(B3,大妥进度!B:B,大妥进度!I:I,0) -> 0 | F3: =_xlfn.XLOOKUP(B3,大妥进度!B:B,大妥进度!J:J,0) -> 0 | G3: =IFERROR(F3/E3,"") | H3: =IF(F3>0,1,0) -> 0 | I3: 3月 | J3: 3月24日已破0 | L3: 计数项:行标签 | M3: 列标签 | T3: 计数项:行标签 | U3: 列标签
A4: 江西一圈 | B4: 宜春市妇幼保健院 | C4: 腿部 | D4: 1 | E4: =_xlfn.XLOOKUP(B4,大妥进度!B:B,大妥进度!I:I,0) -> 0 | F4: =_xlfn.XLOOKUP(B4,大妥进度!B:B,大妥进度!J:J,0) -> 0 | G4: =IFERROR(F4/E4,"") | H4: =IF(F4>0,1,0) -> 0 | I4: - | K4: 2025全年8台，2026目前2台，没有her2阳性，体量小 | L4: 行标签 | M4: 3月 | N4: 4月 | O4: 5月 | P4: 6月 | Q4: (空白) | R4: 总计 | T4: 行标签 | U4: 0 | V4: 1 | W4: 总计
A5: 江西一圈 | B5: 宜春市人民医院 | C5: 腰部 | D5: 1 | E5: =_xlfn.XLOOKUP(B5,大妥进度!B:B,大妥进度!I:I,0) -> 0 | F5: =_xlfn.XLOOKUP(B5,大妥进度!B:B,大妥进度!J:J,0) -> 0 | G5: =IFERROR(F5/E5,"") | H5: =IF(F5>0,1,0) -> 0 | I5: 4月 | J5: 4月预计破0 | K5: 4月1个新星 | L5: 江西一圈 | M5: 2 | N5: 1 | R5: 3 | T5: 江西一圈 | U5: 3 | W5: 3
A6: 林丽贞 | B6: 莆田学院附属医院老院区 | C6: 腰部 | D6: 10 | E6: =_xlfn.XLOOKUP(B6,大妥进度!B:B,大妥进度!I:I,0) -> 0 | F6: =_xlfn.XLOOKUP(B6,大妥进度!B:B,大妥进度!J:J,0) -> 0 | G6: =IFERROR(F6/E6,"") | H6: =IF(F6>0,1,0) -> 0 | I6: 4月 | J6: 4月中下旬 | K6: 院内，既往库存再用，大妥近效期未采 | L6: 林丽贞 | N6: 6 | O6: 1 | R6: 7 | T6: 林丽贞 | U6: 5 | V6: 2 | W6: 7
A7: 林丽贞 | B7: 福建医科大学附属第二医院鲤城院区 | C7: 头部 | D7: 5 | E7: =_xlfn.XLOOKUP(B7,大妥进度!B:B,大妥进度!I:I,0) -> 0 | F7: =_xlfn.XLOOKUP(B7,大妥进度!B:B,大妥进度!J:J,0) -> 0 | G7: =IFERROR(F7/E7,"") | H7: =IF(F7>0,1,0) -> 0 | I7: 4月 | J7: 4月下旬 | K7: 赫双妥未准入，预计4月底临采 | L7: 唐晓玉 | N7: 4 | O7: 1 | P7: 1 | R7: 6 | T7: 唐晓玉 | U7: 5 | V7: 1 | W7: 6
A8: 林丽贞 | B8: 宁德市闽东医院 | C8: 腰部 | D8: 3 | E8: =_xlfn.XLOOKUP(B8,大妥进度!B:B,大妥进度!I:I,0) -> 0 | F8: =_xlfn.XLOOKUP(B8,大妥进度!B:B,大妥进度!J:J,0) -> 0 | G8: =IFERROR(F8/E8,"") | H8: =IF(F8>0,1,0) -> 0 | I8: 4月 | J8: 46127 | K8: 大妥不可及，等待临采 | L8: 许辉容 | M8: 1 | N8: 3 | Q8: 1 | R8: 5 | T8: 许辉容 | U8: 5 | W8: 5
A9: 林丽贞 | B9: 三明市第一医院列东院区 | C9: 腰部 | D9: 2 | E9: =_xlfn.XLOOKUP(B9,大妥进度!B:B,大妥进度!I:I,0) -> 0 | F9: =_xlfn.XLOOKUP(B9,大妥进度!B:B,大妥进度!J:J,0) -> 0 | G9: =IFERROR(F9/E9,"") | H9: =IF(F9>0,1,0) -> 0 | I9: 5月 | J9: 5月 | K9: 赫双妥未准入，预计5月临采 | L9: 钟明珠 | M9: 6 | N9: 4 | O9: 1 | R9: 11 | T9: 钟明珠 | U9: 8 | V9: 3 | W9: 11
A10: 林丽贞 | B10: 福建医科大学附属福州市第一总医院达道院区 | C10: 腿部 | D10: 1 | E10: =_xlfn.XLOOKUP(B10,大妥进度!B:B,大妥进度!I:I,0) -> 0 | F10: =_xlfn.XLOOKUP(B10,大妥进度!B:B,大妥进度!J:J,0) -> 0 | G10: =IFERROR(F10/E10,"") | H10: =IF(F10>0,1,0) -> 0 | I10: 4月 | J10: 4月下旬 | K10: 赫双妥未准入，预计4月底临采 | L10: 周小英 | M10: 2 | N10: 4 | R10: 6 | T10: 周小英 | U10: 5 | V10: 1 | W10: 6
A11: 林丽贞 | B11: 南安市医院新华街院区 | C11: 腿部 | D11: 1 | E11: =_xlfn.XLOOKUP(B11,大妥进度!B:B,大妥进度!I:I,0) -> 0 | F11: =_xlfn.XLOOKUP(B11,大妥进度!B:B,大妥进度!J:J,0) -> 0 | G11: =IFERROR(F11/E11,"") | H11: =IF(F11>0,1,0) -> 0 | I11: 4月 | J11: 4月20号 | K11: 县级医院，手术量少 | L11: 总计 | M11: 11 | N11: 22 | O11: 3 | P11: 1 | Q11: 1 | R11: 38 | T11: 总计 | U11: 31 | V11: 7 | W11: 38
A12: 林丽贞 | B12: 南平市第二医院 | C12: 腿部 | D12: 1 | E12: =_xlfn.XLOOKUP(B12,大妥进度!B:B,大妥进度!I:I,0) -> 0 | F12: =_xlfn.XLOOKUP(B12,大妥进度!B:B,大妥进度!J:J,0) -> 0 | G12: =IFERROR(F12/E12,"") | H12: =IF(F12>0,1,0) -> 0 | I12: - | K12: 病人少，病人引流至南平市一
A13: 林丽贞 | B13: 宁德师范学院附属宁德市医院蕉城院区 | C13: 腰部 | D13: 1 | E13: =_xlfn.XLOOKUP(B13,大妥进度!B:B,大妥进度!I:I,0) -> 0 | F13: =_xlfn.XLOOKUP(B13,大妥进度!B:B,大妥进度!J:J,0) -> 0 | G13: =IFERROR(F13/E13,"") | H13: =IF(F13>0,1,0) -> 0 | I13: 4月 | J13: 46132 | K13: 本月没有辅助的阳性患者，手术量低
A14: 周小英 | B14: 上海美中嘉和肿瘤门诊部有限责任公司 | C14: 腰部 | D14: 15 | E14: =_xlfn.XLOOKUP(B14,大妥进度!B:B,大妥进度!I:I,0) -> 17.080692 | F14: =_xlfn.XLOOKUP(B14,大妥进度!B:B,大妥进度!J:J,0) -> 0 | G14: =IFERROR(F14/E14,"") -> 0 | H14: =IF(F14>0,1,0) -> 0 | I14: 3月 | J14: 已破0 | K14: 输注流转医院 无患者，3.27已进货
A15: 周小英 | B15: 复旦大学附属妇产科医院黄浦院区 | C15: 头部 | D15: 33 | E15: =_xlfn.XLOOKUP(B15,大妥进度!B:B,大妥进度!I:I,0) -> 88.680094 | F15: =_xlfn.XLOOKUP(B15,大妥进度!B:B,大妥进度!J:J,0) -> 0 | G15: =IFERROR(F15/E15,"") -> 0 | H15: =IF(F15>0,1,0) -> 0 | I15: - | J15: 4.25日 | K15: 因患者全部从杨浦调回黄浦，黄浦在消杨浦院区库存
A16: 周小英 | B16: 复旦大学附属妇产科医院长三角一体化示范区青浦分院 | C16: 腿部 | D16: 9 | E16: =_xlfn.XLOOKUP(B16,大妥进度!B:B,大妥进度!I:I,0) -> 8.8051342 | F16: =_xlfn.XLOOKUP(B16,大妥进度!B:B,大妥进度!J:J,0) -> 9 | G16: =IFERROR(F16/E16,"") -> 1.0221309 | H16: =IF(F16>0,1,0) -> 1 | I16: 4月 | J16: 46137 | K16: 青浦院区无首针患者
A17: 周小英 | B17: 上海交通大学医学院附属第九人民医院北部院区 | C17: 腿部 | D17: 8 | E17: =_xlfn.XLOOKUP(B17,大妥进度!B:B,大妥进度!I:I,0) -> 9.7639635 | F17: =_xlfn.XLOOKUP(B17,大妥进度!B:B,大妥进度!J:J,0) -> 15 | G17: =IFERROR(F17/E17,"") -> 1.5362614 | H17: =IF(F17>0,1,0) -> 1 | I17: - | K17: 年手术量40，目前没有Her2+患者
A18: 周小英 | B18: 上海市第一人民医院北部 | C18: 腰部 | D18: 6 | E18: =_xlfn.XLOOKUP(B18,大妥进度!B:B,大妥进度!I:I,0) -> 47.173782 | F18: =_xlfn.XLOOKUP(B18,大妥进度!B:B,大妥进度!J:J,0) -> 18 | G18: =IFERROR(F18/E18,"") -> 0.38156788 | H18: =IF(F18>0,1,0) -> 1 | I18: 3月 | J18: 实际进货2 | K18: 由于是结算制，3.27已进货
A19: 周小英 | B19: 上海中医药大学附属岳阳中西医结合医院总部 | C19: 腰部 | D19: 6 | E19: =_xlfn.XLOOKUP(B19,大妥进度!B:B,大妥进度!I:I,0) -> 9.9611068 | F19: =_xlfn.XLOOKUP(B19,大妥进度!B:B,大妥进度!J:J,0) -> 0 | G19: =IFERROR(F19/E19,"") -> 0 | H19: =IF(F19>0,1,0) -> 0 | I19: 4月 | J19: 46128
A20: 周小英 | B20: 上海市同济医院 | C20: 腰部 | D20: 5 | E20: =_xlfn.XLOOKUP(B20,大妥进度!B:B,大妥进度!I:I,0) -> 7.7991093 | F20: =_xlfn.XLOOKUP(B20,大妥进度!B:B,大妥进度!J:J,0) -> 5 | G20: =IFERROR(F20/E20,"") -> 0.64109885 | H20: =IF(F20>0,1,0) -> 1 | I20: - | K20: 近期没有HER2阳患者
A21: 周小英 | B21: 上海市嘉定区中心医院 | C21: 腿部 | D21: 5 | E21: =_xlfn.XLOOKUP(B21,大妥进度!B:B,大妥进度!I:I,0) -> 18.400059 | F21: =_xlfn.XLOOKUP(B21,大妥进度!B:B,大妥进度!J:J,0) -> 20 | G21: =IFERROR(F21/E21,"") -> 1.086953 | H21: =IF(F21>0,1,0) -> 1 | I21: 4月 | J21: 46120 | K21: 年手术量50，近期没有HER2阳患者，下月初有个化疗结束患者用药
A22: 周小英 | B22: 上海市浦东新区浦南医院 | C22: 腿部 | D22: 5 | E22: =_xlfn.XLOOKUP(B22,大妥进度!B:B,大妥进度!I:I,0) -> 8.4061543 | F22: =_xlfn.XLOOKUP(B22,大妥进度!B:B,大妥进度!J:J,0) -> 10 | G22: =IFERROR(F22/E22,"") -> 1.1896046 | H22: =IF(F22>0,1,0) -> 1 | I22: 4月 | J22: 已破0 4月初会进大妥 | K22: 年手术量
A23: 周小英 | B23: 上海市嘉定区妇幼保健院 | C23: 腿部 | D23: 3 | E23: =_xlfn.XLOOKUP(B23,大妥进度!B:B,大妥进度!I:I,0) -> 7.1064624 | F23: =_xlfn.XLOOKUP(B23,大妥进度!B:B,大妥进度!J:J,0) -> 8 | G23: =IFERROR(F23/E23,"") -> 1.1257359 | H23: =IF(F23>0,1,0) -> 1 | I23: - | K23: 年手术量40，目前没有Her2+患者
A24: 周小英 | B24: 上海市宝山区中西医结合医院 | C24: 腿部 | D24: 2 | E24: =_xlfn.XLOOKUP(B24,大妥进度!B:B,大妥进度!I:I,0) -> 7.6839841 | F24: =_xlfn.XLOOKUP(B24,大妥进度!B:B,大妥进度!J:J,0) -> 2 | G24: =IFERROR(F24/E24,"") -> 0.26028164 | H24: =IF(F24>0,1,0) -> 1 | I24: - | K24: 年手术量40，目前没有Her2+患者
A25: 周小英 | B25: 上海进康肿瘤医院有限公司 | C25: 腿部 | D25: 2 | E25: =_xlfn.XLOOKUP(B25,大妥进度!B:B,大妥进度!I:I,0) -> 3.7814174 | F25: =_xlfn.XLOOKUP(B25,大妥进度!B:B,大妥进度!J:J,0) -> 0 | G25: =IFERROR(F25/E25,"") -> 0 | H25: =IF(F25>0,1,0) -> 0 | I25: - | K25: 输注医院
A26: 周小英 | B26: 上海市宝山区吴淞中心医院 | C26: 腿部 | D26: 2 | E26: =_xlfn.XLOOKUP(B26,大妥进度!B:B,大妥进度!I:I,0) -> 3.3588153 | F26: =_xlfn.XLOOKUP(B26,大妥进度!B:B,大妥进度!J:J,0) -> 0 | G26: =IFERROR(F26/E26,"") -> 0 | H26: =IF(F26>0,1,0) -> 0 | I26: - | K26: 年手术量40，目前没有Her2+患者
A27: 周小英 | B27: 复旦大学附属华东医院 | C27: 腰部 | D27: 1 | E27: =_xlfn.XLOOKUP(B27,大妥进度!B:B,大妥进度!I:I,0) -> 20.500354 | F27: =_xlfn.XLOOKUP(B27,大妥进度!B:B,大妥进度!J:J,0) -> 17 | G27: =IFERROR(F27/E27,"") -> 0.82925397 | H27: =IF(F27>0,1,0) -> 1 | I27: - | K27: 大妥没有准入，新患用的10ml
A28: 周小英 | B28: 上海好望角医院 | C28: 腰部 | D28: 1 | E28: =_xlfn.XLOOKUP(B28,大妥进度!B:B,大妥进度!I:I,0) -> 12.291168 | F28: =_xlfn.XLOOKUP(B28,大妥进度!B:B,大妥进度!J:J,0) -> 10 | G28: =IFERROR(F28/E28,"") -> 0.81359231 | H28: =IF(F28>0,1,0) -> 1 | I28: - | K28: 输注医院，近几个月无首针患者
A29: 唐晓玉 | B29: 江西省妇幼保健院东湖院区 | C29: 腿部 | D29: 4 | E29: =_xlfn.XLOOKUP(B29,大妥进度!B:B,大妥进度!I:I,0) -> 0 | F29: =_xlfn.XLOOKUP(B29,大妥进度!B:B,大妥进度!J:J,0) -> 0 | G29: =IFERROR(F29/E29,"") | H29: =IF(F29>0,1,0) -> 0 | I29: 4月 | J29: 4月有2个NP
A30: 唐晓玉 | B30: 景德镇市第一人民医院 | C30: 腰部 | D30: 3 | E30: =_xlfn.XLOOKUP(B30,大妥进度!B:B,大妥进度!I:I,0) -> 0 | F30: =_xlfn.XLOOKUP(B30,大妥进度!B:B,大妥进度!J:J,0) -> 0 | G30: =IFERROR(F30/E30,"") | H30: =IF(F30>0,1,0) -> 0 | I30: 4月 | J30: 4月预计破0
A31: 唐晓玉 | B31: 九江学院附属医院东院 | C31: 腰部 | D31: 2 | E31: =_xlfn.XLOOKUP(B31,大妥进度!B:B,大妥进度!I:I,0) -> 0 | F31: =_xlfn.XLOOKUP(B31,大妥进度!B:B,大妥进度!J:J,0) -> 0 | G31: =IFERROR(F31/E31,"") | H31: =IF(F31>0,1,0) -> 0 | I31: 4月 | J31: 4月预计破0
A32: 唐晓玉 | B32: 鹰潭市人民医院南院区 | C32: 腿部 | D32: 1 | E32: =_xlfn.XLOOKUP(B32,大妥进度!B:B,大妥进度!I:I,0) -> 0 | F32: =_xlfn.XLOOKUP(B32,大妥进度!B:B,大妥进度!J:J,0) -> 0 | G32: =IFERROR(F32/E32,"") | H32: =IF(F32>0,1,0) -> 0 | I32: - | K32: 没有手术，没有外来病人，无法预测破0日期
A33: 唐晓玉 | B33: 武宁县中医院 | C33: 腿部 | D33: 1 | E33: =_xlfn.XLOOKUP(B33,大妥进度!B:B,大妥进度!I:I,0) -> 0 | F33: =_xlfn.XLOOKUP(B33,大妥进度!B:B,大妥进度!J:J,0) -> 0 | G33: =IFERROR(F33/E33,"") | H33: =IF(F33>0,1,0) -> 0 | I33: - | K33: 2025年手术量6台，2026年目前1台，偶尔有病人外来
A34: 唐晓玉 | B34: 景德镇市第三人民医院 | C34: 腿部 | D34: 1 | E34: =_xlfn.XLOOKUP(B34,大妥进度!B:B,大妥进度!I:I,0) -> 0 | F34: =_xlfn.XLOOKUP(B34,大妥进度!B:B,大妥进度!J:J,0) -> 0 | G34: =IFERROR(F34/E34,"") | H34: =IF(F34>0,1,0) -> 0 | I34: 5月 | J34: 预计5月破0 | K34: 2025年手术量12台，2026年目前4台，1个HER2阳性给了竞品，预计5月破0
A35: 唐晓玉 | B35: 景德镇市第二人民医院 | C35: 腿部 | D35: 1 | E35: =_xlfn.XLOOKUP(B35,大妥进度!B:B,大妥进度!I:I,0) -> 0 | F35: =_xlfn.XLOOKUP(B35,大妥进度!B:B,大妥进度!J:J,0) -> 0 | G35: =IFERROR(F35/E35,"") | H35: =IF(F35>0,1,0) -> 0 | I35: 6月 | J35: 预计6月破0 | K35: 2025年手术量17台，2月有一个NP
A36: 唐晓玉 | B36: 江西省人民医院 | C36: 腿部 | D36: 1 | E36: =_xlfn.XLOOKUP(B36,大妥进度!B:B,大妥进度!I:I,0) -> 0 | F36: =_xlfn.XLOOKUP(B36,大妥进度!B:B,大妥进度!J:J,0) -> 0 | G36: =IFERROR(F36/E36,"") | H36: =IF(F36>0,1,0) -> 0 | I36: 4月 | J36: 4月预计破0
A37: 许辉容 | B37: 复旦大学附属肿瘤医院厦门医院 | C37: 腿部 | D37: 4 | E37: =_xlfn.XLOOKUP(B37,大妥进度!B:B,大妥进度!I:I,0) -> 0 | F37: =_xlfn.XLOOKUP(B37,大妥进度!B:B,大妥进度!J:J,0) -> 0 | G37: =IFERROR(F37/E37,"") | H37: =IF(F37>0,1,0) -> 0 | I37: 4月 | J37: 46118
A38: 许辉容 | B38: 漳州市第二医院 | C38: 腿部 | D38: 3 | E38: =_xlfn.XLOOKUP(B38,大妥进度!B:B,大妥进度!I:I,0) -> 0 | F38: =_xlfn.XLOOKUP(B38,大妥进度!B:B,大妥进度!J:J,0) -> 0 | G38: =IFERROR(F38/E38,"") | H38: =IF(F38>0,1,0) -> 0 | I38: - | K38: 无新患者
A39: 许辉容 | B39: 厦门市中医院 | C39: 腰部 | D39: 2 | E39: =_xlfn.XLOOKUP(B39,大妥进度!B:B,大妥进度!I:I,0) -> 0 | F39: =_xlfn.XLOOKUP(B39,大妥进度!B:B,大妥进度!J:J,0) -> 0 | G39: =IFERROR(F39/E39,"") | H39: =IF(F39>0,1,0) -> 0
A40: 许辉容 | B40: 龙岩市第一医院 | C40: 腰部 | D40: 2 | E40: =_xlfn.XLOOKUP(B40,大妥进度!B:B,大妥进度!I:I,0) -> 0 | F40: =_xlfn.XLOOKUP(B40,大妥进度!B:B,大妥进度!J:J,0) -> 0 | G40: =IFERROR(F40/E40,"") | H40: =IF(F40>0,1,0) -> 0 | I40: 3月 | J40: 46105
A41: 许辉容 | B41: 厦门市妇幼保健院镇海院区 | C41: 腰部 | D41: 1 | E41: =_xlfn.XLOOKUP(B41,大妥进度!B:B,大妥进度!I:I,0) -> 0 | F41: =_xlfn.XLOOKUP(B41,大妥进度!B:B,大妥进度!J:J,0) -> 0 | G41: =IFERROR(F41/E41,"") | H41: =IF(F41>0,1,0) -> 0 | I41: 4月 | J41: 4月 | K41: 未上架，4月份推动上架
A42: 许辉容 | B42: 厦门弘爱医院 | C42: 腰部 | D42: 1 | E42: =_xlfn.XLOOKUP(B42,大妥进度!B:B,大妥进度!I:I,0) -> 0 | F42: =_xlfn.XLOOKUP(B42,大妥进度!B:B,大妥进度!J:J,0) -> 0 | G42: =IFERROR(F42/E42,"") | H42: =IF(F42>0,1,0) -> 0 | I42: 4月 | J42: 4月
A43: 钟明珠 | B43: 上海市第六人民医院徐汇院区 | C43: 腰部 | D43: 10 | E43: =_xlfn.XLOOKUP(B43,大妥进度!B:B,大妥进度!I:I,0) -> 0 | F43: =_xlfn.XLOOKUP(B43,大妥进度!B:B,大妥进度!J:J,0) -> 0 | G43: =IFERROR(F43/E43,"") | H43: =IF(F43>0,1,0) -> 0 | I43: 3月 | J43: 3月
A44: 钟明珠 | B44: 上海中医药大学附属曙光医院东部 | C44: 腰部 | D44: 6 | E44: =_xlfn.XLOOKUP(B44,大妥进度!B:B,大妥进度!I:I,0) -> 0 | F44: =_xlfn.XLOOKUP(B44,大妥进度!B:B,大妥进度!J:J,0) -> 0 | G44: =IFERROR(F44/E44,"") | H44: =IF(F44>0,1,0) -> 0 | I44: 3月 | J44: 3月底
A45: 钟明珠 | B45: 中国人民解放军海军特色医学中心 | C45: 腿部 | D45: 6 | E45: =_xlfn.XLOOKUP(B45,大妥进度!B:B,大妥进度!I:I,0) -> 0 | F45: =_xlfn.XLOOKUP(B45,大妥进度!B:B,大妥进度!J:J,0) -> 0 | G45: =IFERROR(F45/E45,"") | H45: =IF(F45>0,1,0) -> 0 | I45: 3月 | J45: 3月底 | K45: 2月底进了5支，本月已消耗2支
A46: 钟明珠 | B46: 中国药科大学附属上海高博肿瘤医院 | C46: 腿部 | D46: 6 | E46: =_xlfn.XLOOKUP(B46,大妥进度!B:B,大妥进度!I:I,0) -> 0 | F46: =_xlfn.XLOOKUP(B46,大妥进度!B:B,大妥进度!J:J,0) -> 0 | G46: =IFERROR(F46/E46,"") | H46: =IF(F46>0,1,0) -> 0 | I46: - | K46: 输注医院，无大妥
A47: 钟明珠 | B47: 上海中医药大学附属龙华医院徐汇院区 | C47: 腰部 | D47: 5 | E47: =_xlfn.XLOOKUP(B47,大妥进度!B:B,大妥进度!I:I,0) -> 0 | F47: =_xlfn.XLOOKUP(B47,大妥进度!B:B,大妥进度!J:J,0) -> 0 | G47: =IFERROR(F47/E47,"") | H47: =IF(F47>0,1,0) -> 0 | I47: 4月 | J47: 预计4月底 | K47: 还有5支大妥库存
A48: 钟明珠 | B48: 上海市东方医院总院 | C48: 腰部 | D48: 5 | E48: =_xlfn.XLOOKUP(B48,大妥进度!B:B,大妥进度!I:I,0) -> 0 | F48: =_xlfn.XLOOKUP(B48,大妥进度!B:B,大妥进度!J:J,0) -> 0 | G48: =IFERROR(F48/E48,"") | H48: =IF(F48>0,1,0) -> 0 | I48: 4月 | J48: 4月第一周
A49: 钟明珠 | B49: 上海市闵行区肿瘤医院 | C49: 腰部 | D49: 4 | E49: =_xlfn.XLOOKUP(B49,大妥进度!B:B,大妥进度!I:I,0) -> 0 | F49: =_xlfn.XLOOKUP(B49,大妥进度!B:B,大妥进度!J:J,0) -> 0 | G49: =IFERROR(F49/E49,"") | H49: =IF(F49>0,1,0) -> 0 | I49: 3月 | J49: 3月底 | K49: 目前还有1支库存
A50: 钟明珠 | B50: 上海市杨浦区中心医院 | C50: 腿部 | D50: 3 | E50: =_xlfn.XLOOKUP(B50,大妥进度!B:B,大妥进度!I:I,0) -> 0 | F50: =_xlfn.XLOOKUP(B50,大妥进度!B:B,大妥进度!J:J,0) -> 0 | G50: =IFERROR(F50/E50,"") | H50: =IF(F50>0,1,0) -> 0 | I50: 3月 | J50: 5月第一周 | K50: 还有4支大妥库存
A51: 钟明珠 | B51: 上海交通大学医学院附属第九人民医院南部院区 | C51: 腰部 | D51: 3 | E51: =_xlfn.XLOOKUP(B51,大妥进度!B:B,大妥进度!I:I,0) -> 0 | F51: =_xlfn.XLOOKUP(B51,大妥进度!B:B,大妥进度!J:J,0) -> 0 | G51: =IFERROR(F51/E51,"") | H51: =IF(F51>0,1,0) -> 0 | I51: 3月 | J51: 3月底
A52: 钟明珠 | B52: 复旦大学附属浦东医院 | C52: 腿部 | D52: 2 | E52: =_xlfn.XLOOKUP(B52,大妥进度!B:B,大妥进度!I:I,0) -> 0 | F52: =_xlfn.XLOOKUP(B52,大妥进度!B:B,大妥进度!J:J,0) -> 0 | G52: =IFERROR(F52/E52,"") | H52: =IF(F52>0,1,0) -> 0 | I52: - | K52: 大妥没有准入，需要临采
A53: 钟明珠 | B53: 上海市第二人民医院 | C53: 头部 | D53: 1 | E53: =_xlfn.XLOOKUP(B53,大妥进度!B:B,大妥进度!I:I,0) -> 0 | F53: =_xlfn.XLOOKUP(B53,大妥进度!B:B,大妥进度!J:J,0) -> 0 | G53: =IFERROR(F53/E53,"") | H53: =IF(F53>0,1,0) -> 0 | I53: 4月 | J53: 4月第二周
A54: 钟明珠 | B54: 上海浦中中医医院有限公司 | C54: 腿部 | D54: 1 | E54: =_xlfn.XLOOKUP(B54,大妥进度!B:B,大妥进度!I:I,0) -> 0 | F54: =_xlfn.XLOOKUP(B54,大妥进度!B:B,大妥进度!J:J,0) -> 0 | G54: =IFERROR(F54/E54,"") | H54: =IF(F54>0,1,0) -> 0 | I54: - | K54: 输注医院，大妥需要中山输送
A55: 钟明珠 | B55: 复旦大学附属闵行医院 | C55: 腿部 | D55: 1 | E55: =_xlfn.XLOOKUP(B55,大妥进度!B:B,大妥进度!I:I,0) -> 0 | F55: =_xlfn.XLOOKUP(B55,大妥进度!B:B,大妥进度!J:J,0) -> 0 | G55: =IFERROR(F55/E55,"") | H55: =IF(F55>0,1,0) -> 0 | I55: 4月 | J55: 4月第一周
A56: 钟明珠 | B56: 上海市浦东新区人民医院 | C56: 腿部 | D56: 1 | E56: =_xlfn.XLOOKUP(B56,大妥进度!B:B,大妥进度!I:I,0) -> 0 | F56: =_xlfn.XLOOKUP(B56,大妥进度!B:B,大妥进度!J:J,0) -> 0 | G56: =IFERROR(F56/E56,"") | H56: =IF(F56>0,1,0) -> 0 | I56: 5月 | J56: 5月第一周 | K56: 还有2支库存

Sheet 伊赫莱破0追踪
A1: LEL姓名 | B1: 医院Code | C1: 医院名称 | D1: 医院分层 | E1: YTD精准诊断 | F1: YTD新星 | G1: 精准诊断 | H1: 新星 | I1: 精准诊断突破 | J1: 新星突破 | K1: 精准诊断突破月 | L1: 新星突破月 | M1: 预计精准诊断破0日期 | N1: 预计新星破0日期 | O1: 备注(短期内无法破0备注原因） | Q1: 医院分层 | R1: (多项) | S1: 头腰医院
A2: 江西一圈 | B2: JXGZ001 | C2: 赣南医科大学第一附属医院章贡院区 | D2: 头部 | E2: =_xlfn.XLOOKUP(B2,Sheet1!A:A,Sheet1!N:N,0) -> 6 | F2: =_xlfn.XLOOKUP(B2,Sheet1!A:A,Sheet1!O:O,0) -> 1 | H2: 1 | I2: =IF(AND(G2=1,E2>0),1,0) -> 0 | J2: =IF(AND(H2=1,F2>0),1,0) -> 1 | L2: 4月 | N2: 4月7日破0，4月2个星星
A3: 江西一圈 | B3: 02ocpz5 | C3: 赣南医科大学第一附属医院黄金院区 | D3: _ | E3: =_xlfn.XLOOKUP(B3,Sheet1!A:A,Sheet1!N:N,0) -> 0 | F3: =_xlfn.XLOOKUP(B3,Sheet1!A:A,Sheet1!O:O,0) -> 0 | G3: 1 | H3: 1 | I3: =IF(AND(G3=1,E3>0),1,0) -> 0 | J3: =IF(AND(H3=1,F3>0),1,0) -> 0 | Q3: 行标签 | R3: 精准诊断 | S3: 精准诊断突破 | T3: 新星 | U3: 新星突破
A4: 江西一圈 | B4: 00UIUka | C4: 赣州市人民医院南院区 | D4: _ | E4: =_xlfn.XLOOKUP(B4,Sheet1!A:A,Sheet1!N:N,0) -> 0 | F4: =_xlfn.XLOOKUP(B4,Sheet1!A:A,Sheet1!O:O,0) -> 0 | G4: 1 | H4: 1 | I4: =IF(AND(G4=1,E4>0),1,0) -> 0 | J4: =IF(AND(H4=1,F4>0),1,0) -> 0 | K4: 4月 | L4: 4月 | M4: 4月送检3例 | N4: 4月1个星星 | Q4: 江西一圈 | R4: 1 | S4: 0 | T4: 3 | U4: 0
A5: 江西一圈 | B5: JXGZ003 | C5: 赣州市人民医院北院区 | D5: 腰部 | E5: =_xlfn.XLOOKUP(B5,Sheet1!A:A,Sheet1!N:N,0) -> 1 | F5: =_xlfn.XLOOKUP(B5,Sheet1!A:A,Sheet1!O:O,0) -> 0 | H5: 1 | I5: =IF(AND(G5=1,E5>0),1,0) -> 0 | J5: =IF(AND(H5=1,F5>0),1,0) -> 0 | Q5: 林丽贞 | R5: 9 | S5: 0 | T5: 11 | U5: 0
A6: 江西一圈 | B6: JXJA001 | C6: 吉安市中心人民医院北院区 | D6: 腰部 | E6: =_xlfn.XLOOKUP(B6,Sheet1!A:A,Sheet1!N:N,0) -> 0 | F6: =_xlfn.XLOOKUP(B6,Sheet1!A:A,Sheet1!O:O,0) -> 0 | G6: 1 | H6: 1 | I6: =IF(AND(G6=1,E6>0),1,0) -> 0 | J6: =IF(AND(H6=1,F6>0),1,0) -> 0 | Q6: 唐晓玉 | R6: 5 | S6: 0 | T6: 6 | U6: 0
A7: 江西一圈 | B7: 60MRoub | C7: 南昌大学第一附属医院赣江新区医院 | D7: _ | E7: =_xlfn.XLOOKUP(B7,Sheet1!A:A,Sheet1!N:N,0) -> 0 | F7: =_xlfn.XLOOKUP(B7,Sheet1!A:A,Sheet1!O:O,0) -> 0 | G7: 1 | H7: 1 | I7: =IF(AND(G7=1,E7>0),1,0) -> 0 | J7: =IF(AND(H7=1,F7>0),1,0) -> 0 | Q7: 许辉容 | R7: 5 | S7: 0 | T7: 8 | U7: 1
A8: 江西一圈 | B8: JXJA84 | C8: 吉安市中心人民医院南院区 | D8: 腿部 | E8: =_xlfn.XLOOKUP(B8,Sheet1!A:A,Sheet1!N:N,0) -> 0 | F8: =_xlfn.XLOOKUP(B8,Sheet1!A:A,Sheet1!O:O,0) -> 0 | G8: 1 | H8: 1 | I8: =IF(AND(G8=1,E8>0),1,0) -> 0 | J8: =IF(AND(H8=1,F8>0),1,0) -> 0 | Q8: 钟明珠 | R8: 4 | S8: 0 | T8: 5 | U8: 0
A9: 江西一圈 | B9: JXNC016 | C9: 南昌市第二中西医结合医院 | D9: 腿部 | E9: =_xlfn.XLOOKUP(B9,Sheet1!A:A,Sheet1!N:N,0) -> 0 | F9: =_xlfn.XLOOKUP(B9,Sheet1!A:A,Sheet1!O:O,0) -> 0 | G9: 1 | H9: 1 | I9: =IF(AND(G9=1,E9>0),1,0) -> 0 | J9: =IF(AND(H9=1,F9>0),1,0) -> 0 | Q9: 周小英 | R9: 12 | S9: 2 | T9: 8 | U9: 0
A10: 江西一圈 | B10: JXPX015 | C10: 莲花县人民医院 | D10: 腿部 | E10: =_xlfn.XLOOKUP(B10,Sheet1!A:A,Sheet1!N:N,0) -> 0 | F10: =_xlfn.XLOOKUP(B10,Sheet1!A:A,Sheet1!O:O,0) -> 0 | G10: 1 | H10: 1 | I10: =IF(AND(G10=1,E10>0),1,0) -> 0 | J10: =IF(AND(H10=1,F10>0),1,0) -> 0 | Q10: 总计 | R10: 36 | S10: 2 | T10: 41 | U10: 1
A11: 江西一圈 | B11: JXYC002 | C11: 宜春市妇幼保健院 | D11: 腿部 | E11: =_xlfn.XLOOKUP(B11,Sheet1!A:A,Sheet1!N:N,0) -> 0 | F11: =_xlfn.XLOOKUP(B11,Sheet1!A:A,Sheet1!O:O,0) -> 0 | G11: 1 | H11: 1 | I11: =IF(AND(G11=1,E11>0),1,0) -> 0 | J11: =IF(AND(H11=1,F11>0),1,0) -> 0
A12: 江西一圈 | B12: JXGZ005 | C12: 赣州市妇幼保健院大公路院区 | D12: 腿部 | E12: =_xlfn.XLOOKUP(B12,Sheet1!A:A,Sheet1!N:N,0) -> 0 | F12: =_xlfn.XLOOKUP(B12,Sheet1!A:A,Sheet1!O:O,0) -> 1 | G12: 1 | H12: 0 | I12: =IF(AND(G12=1,E12>0),1,0) -> 0 | J12: =IF(AND(H12=1,F12>0),1,0) -> 0 | Q12: 医院分层 | R12: (多项)
A13: 江西一圈 | B13: JXPX001 | C13: 萍乡市妇幼保健院 | D13: 腿部 | E13: =_xlfn.XLOOKUP(B13,Sheet1!A:A,Sheet1!N:N,0) -> 1 | F13: =_xlfn.XLOOKUP(B13,Sheet1!A:A,Sheet1!O:O,0) -> 0 | H13: 1 | I13: =IF(AND(G13=1,E13>0),1,0) -> 0 | J13: =IF(AND(H13=1,F13>0),1,0) -> 0
A14: 江西一圈 | B14: JXPX021 | C14: 芦溪县人民医院 | D14: 腿部 | E14: =_xlfn.XLOOKUP(B14,Sheet1!A:A,Sheet1!N:N,0) -> 0 | F14: =_xlfn.XLOOKUP(B14,Sheet1!A:A,Sheet1!O:O,0) -> 0 | G14: 1 | H14: 1 | I14: =IF(AND(G14=1,E14>0),1,0) -> 0 | J14: =IF(AND(H14=1,F14>0),1,0) -> 0 | R14: 列标签
A15: 江西一圈 | B15: JXYC011 | C15: 万载县人民医院 | D15: 腿部 | E15: =_xlfn.XLOOKUP(B15,Sheet1!A:A,Sheet1!N:N,0) -> 0 | F15: =_xlfn.XLOOKUP(B15,Sheet1!A:A,Sheet1!O:O,0) -> 0 | G15: 1 | H15: 1 | I15: =IF(AND(G15=1,E15>0),1,0) -> 0 | J15: =IF(AND(H15=1,F15>0),1,0) -> 0 | R15: 精准诊断 | V15: 新星 | Z15: 精准诊断汇总 | AA15: 新星汇总
A16: 江西一圈 | B16: JXYC013 | C16: 上高县人民医院 | D16: 腿部 | E16: =_xlfn.XLOOKUP(B16,Sheet1!A:A,Sheet1!N:N,0) -> 0 | F16: =_xlfn.XLOOKUP(B16,Sheet1!A:A,Sheet1!O:O,0) -> 0 | G16: 1 | H16: 1 | I16: =IF(AND(G16=1,E16>0),1,0) -> 0 | J16: =IF(AND(H16=1,F16>0),1,0) -> 0 | Q16: 行标签 | R16: 3月 | S16: 4月 | T16: 5月 | U16: (空白) | V16: 3月 | W16: 4月 | X16: 5月 | Y16: (空白)
A17: 江西一圈 | B17: JXGZ008 | C17: 广东省人民医院赣州医院 | D17: 腿部 | E17: =_xlfn.XLOOKUP(B17,Sheet1!A:A,Sheet1!N:N,0) -> 0 | F17: =_xlfn.XLOOKUP(B17,Sheet1!A:A,Sheet1!O:O,0) -> 0 | G17: 1 | H17: 1 | I17: =IF(AND(G17=1,E17>0),1,0) -> 0 | J17: =IF(AND(H17=1,F17>0),1,0) -> 0 | K17: 4月 | M17: 4月送2例 | Q17: 江西一圈 | U17: 1 | Y17: 3 | Z17: 1 | AA17: 3
A18: 江西一圈 | B18: JXJA002 | C18: 井冈山大学附属医院南院区 | D18: 腿部 | E18: =_xlfn.XLOOKUP(B18,Sheet1!A:A,Sheet1!N:N,0) -> 0 | F18: =_xlfn.XLOOKUP(B18,Sheet1!A:A,Sheet1!O:O,0) -> 0 | G18: 1 | H18: 1 | I18: =IF(AND(G18=1,E18>0),1,0) -> 0 | J18: =IF(AND(H18=1,F18>0),1,0) -> 0 | Q18: 林丽贞 | S18: 1 | T18: 2 | U18: 6 | W18: 1 | X18: 2 | Y18: 8 | Z18: 9 | AA18: 11
A19: 江西一圈 | B19: JXPX49 | C19: 赣西肿瘤医院 | D19: 腿部 | E19: =_xlfn.XLOOKUP(B19,Sheet1!A:A,Sheet1!N:N,0) -> 0 | F19: =_xlfn.XLOOKUP(B19,Sheet1!A:A,Sheet1!O:O,0) -> 0 | G19: 1 | H19: 1 | I19: =IF(AND(G19=1,E19>0),1,0) -> 0 | J19: =IF(AND(H19=1,F19>0),1,0) -> 0 | Q19: 唐晓玉 | R19: 1 | S19: 3 | U19: 1 | V19: 1 | W19: 4 | Y19: 1 | Z19: 5 | AA19: 6
A20: 江西一圈 | B20: JXYC018 | C20: 宜丰县人民医院 | D20: 腿部 | E20: =_xlfn.XLOOKUP(B20,Sheet1!A:A,Sheet1!N:N,0) -> 0 | F20: =_xlfn.XLOOKUP(B20,Sheet1!A:A,Sheet1!O:O,0) -> 0 | G20: 1 | H20: 1 | I20: =IF(AND(G20=1,E20>0),1,0) -> 0 | J20: =IF(AND(H20=1,F20>0),1,0) -> 0 | Q20: 许辉容 | U20: 5 | Y20: 8 | Z20: 5 | AA20: 8
A21: 江西一圈 | B21: JXNC398 | C21: 南昌大学第一附属医院高新医院 | D21: 腿部 | E21: =_xlfn.XLOOKUP(B21,Sheet1!A:A,Sheet1!N:N,0) -> 0 | F21: =_xlfn.XLOOKUP(B21,Sheet1!A:A,Sheet1!O:O,0) -> 0 | G21: 1 | H21: 1 | I21: =IF(AND(G21=1,E21>0),1,0) -> 0 | J21: =IF(AND(H21=1,F21>0),1,0) -> 0 | Q21: 钟明珠 | R21: 1 | S21: 1 | U21: 2 | V21: 2 | W21: 1 | Y21: 2 | Z21: 4 | AA21: 5
A22: 林丽贞 | B22: 04X1BG5 | C22: 福州健嘉康复医院有限公司 | D22: _ | E22: =_xlfn.XLOOKUP(B22,Sheet1!A:A,Sheet1!N:N,0) -> 0 | F22: =_xlfn.XLOOKUP(B22,Sheet1!A:A,Sheet1!O:O,0) -> 0 | G22: 1 | H22: 1 | I22: =IF(AND(G22=1,E22>0),1,0) -> 0 | J22: =IF(AND(H22=1,F22>0),1,0) -> 0 | Q22: 周小英 | S22: 6 | U22: 6 | W22: 3 | Y22: 5 | Z22: 12 | AA22: 8
A23: 林丽贞 | B23: 053yVew | C23: 福建医科大学孟超肝胆医院金山院区 | D23: 腿部 | E23: =_xlfn.XLOOKUP(B23,Sheet1!A:A,Sheet1!N:N,0) -> 0 | F23: =_xlfn.XLOOKUP(B23,Sheet1!A:A,Sheet1!O:O,0) -> 0 | G23: 1 | H23: 1 | I23: =IF(AND(G23=1,E23>0),1,0) -> 0 | J23: =IF(AND(H23=1,F23>0),1,0) -> 0 | K23: 5月 | L23: 6月 | M23: 5月 | N23: 6月 | O23: 肝胆专科医院，病人少，院内没送检途径，外送省肿瘤 | Q23: 总计 | R23: 2 | S23: 11 | T23: 2 | U23: 21 | V23: 3 | W23: 9 | X23: 2 | Y23: 27 | Z23: 36 | AA23: 41
A24: 林丽贞 | B24: FJFZ078 | C24: 福州鼓楼医院 | D24: _ | E24: =_xlfn.XLOOKUP(B24,Sheet1!A:A,Sheet1!N:N,0) -> 0 | F24: =_xlfn.XLOOKUP(B24,Sheet1!A:A,Sheet1!O:O,0) -> 0 | G24: 1 | H24: 1 | I24: =IF(AND(G24=1,E24>0),1,0) -> 0 | J24: =IF(AND(H24=1,F24>0),1,0) -> 0 | O24: 输注医院
A25: 林丽贞 | B25: FJFZ500 | C25: 福州伽禾伽美医院 | D25: 腿部 | E25: =_xlfn.XLOOKUP(B25,Sheet1!A:A,Sheet1!N:N,0) -> 0 | F25: =_xlfn.XLOOKUP(B25,Sheet1!A:A,Sheet1!O:O,0) -> 0 | G25: 1 | H25: 1 | I25: =IF(AND(G25=1,E25>0),1,0) -> 0 | J25: =IF(AND(H25=1,F25>0),1,0) -> 0 | O25: 输注医院
A26: 林丽贞 | B26: FJFZ120 | C26: 福建中医药大学附属第三人民医院 | D26: 腿部 | E26: =_xlfn.XLOOKUP(B26,Sheet1!A:A,Sheet1!N:N,0) -> 0 | F26: =_xlfn.XLOOKUP(B26,Sheet1!A:A,Sheet1!O:O,0) -> 0 | G26: 1 | H26: 1 | I26: =IF(AND(G26=1,E26>0),1,0) -> 0 | J26: =IF(AND(H26=1,F26>0),1,0) -> 0
A27: 林丽贞 | B27: FJFZ009 | C27: 福州市中医院 | D27: 腿部 | E27: =_xlfn.XLOOKUP(B27,Sheet1!A:A,Sheet1!N:N,0) -> 0 | F27: =_xlfn.XLOOKUP(B27,Sheet1!A:A,Sheet1!O:O,0) -> 2 | G27: 1 | H27: 0 | I27: =IF(AND(G27=1,E27>0),1,0) -> 0 | J27: =IF(AND(H27=1,F27>0),1,0) -> 0
A28: 林丽贞 | B28: FJFZ083 | C28: 中国人民武装警察部队福建省总队医院 | D28: 腰部 | E28: =_xlfn.XLOOKUP(B28,Sheet1!A:A,Sheet1!N:N,0) -> 0 | F28: =_xlfn.XLOOKUP(B28,Sheet1!A:A,Sheet1!O:O,0) -> 0 | G28: 1 | H28: 1 | I28: =IF(AND(G28=1,E28>0),1,0) -> 0 | J28: =IF(AND(H28=1,F28>0),1,0) -> 0 | O28: 输注医院，临采
A29: 林丽贞 | B29: FJFZ068 | C29: 福建省人民医院 | D29: 腿部 | E29: =_xlfn.XLOOKUP(B29,Sheet1!A:A,Sheet1!N:N,0) -> 0 | F29: =_xlfn.XLOOKUP(B29,Sheet1!A:A,Sheet1!O:O,0) -> 0 | G29: 1 | H29: 1 | I29: =IF(AND(G29=1,E29>0),1,0) -> 0 | J29: =IF(AND(H29=1,F29>0),1,0) -> 0 | K29: 4月 | L29: 5月 | M29: 4月 | N29: 5月
A30: 林丽贞 | B30: FJND036 | C30: 宁德师范学院附属宁德市医院东侨院区 | D30: 腿部 | E30: =_xlfn.XLOOKUP(B30,Sheet1!A:A,Sheet1!N:N,0) -> 0 | F30: =_xlfn.XLOOKUP(B30,Sheet1!A:A,Sheet1!O:O,0) -> 0 | G30: 1 | H30: 1 | I30: =IF(AND(G30=1,E30>0),1,0) -> 0 | J30: =IF(AND(H30=1,F30>0),1,0) -> 0 | K30: 5月 | L30: 6月 | M30: 5月 | N30: 6月 | O30: 没有检测途径，晚期患者外流
A31: 林丽贞 | B31: FJQZ092 | C31: 晋江市医院晋南分院 | D31: 腿部 | E31: =_xlfn.XLOOKUP(B31,Sheet1!A:A,Sheet1!N:N,0) -> 0 | F31: =_xlfn.XLOOKUP(B31,Sheet1!A:A,Sheet1!O:O,0) -> 0 | G31: 1 | H31: 1 | I31: =IF(AND(G31=1,E31>0),1,0) -> 0 | J31: =IF(AND(H31=1,F31>0),1,0) -> 0 | O31: 输注医院
A32: 林丽贞 | B32: FJND028 | C32: 福鼎市医院 | D32: 腰部 | E32: =_xlfn.XLOOKUP(B32,Sheet1!A:A,Sheet1!N:N,0) -> 0 | F32: =_xlfn.XLOOKUP(B32,Sheet1!A:A,Sheet1!O:O,0) -> 0 | G32: 1 | H32: 1 | I32: =IF(AND(G32=1,E32>0),1,0) -> 0 | J32: =IF(AND(H32=1,F32>0),1,0) -> 0 | K32: 5月 | L32: 6月 | M32: 5月 | N32: 6月 | O32: 县级医院没有检测途径，都是外面定好方案回流的患者
A33: 林丽贞 | B33: FJNP004 | C33: 福建省南平市第一医院 | D33: 腰部 | E33: =_xlfn.XLOOKUP(B33,Sheet1!A:A,Sheet1!N:N,0) -> 0 | F33: =_xlfn.XLOOKUP(B33,Sheet1!A:A,Sheet1!O:O,0) -> 0 | G33: 1 | H33: 1 | I33: =IF(AND(G33=1,E33>0),1,0) -> 0 | J33: =IF(AND(H33=1,F33>0),1,0) -> 0 | K33: 4月 | M33: 4月 | O33: 送检福州，病人少
A34: 林丽贞 | B34: FJQZ056 | C34: 泉州东南医院有限公司 | D34: 腰部 | E34: =_xlfn.XLOOKUP(B34,Sheet1!A:A,Sheet1!N:N,0) -> 0 | F34: =_xlfn.XLOOKUP(B34,Sheet1!A:A,Sheet1!O:O,0) -> 0 | G34: 1 | H34: 1 | I34: =IF(AND(G34=1,E34>0),1,0) -> 0 | J34: =IF(AND(H34=1,F34>0),1,0) -> 0
A35: 林丽贞 | B35: FJSM033 | C35: 三明市第二医院总院区 | D35: 腰部 | E35: =_xlfn.XLOOKUP(B35,Sheet1!A:A,Sheet1!N:N,0) -> 0 | F35: =_xlfn.XLOOKUP(B35,Sheet1!A:A,Sheet1!O:O,0) -> 0 | G35: 1 | H35: 1 | I35: =IF(AND(G35=1,E35>0),1,0) -> 0 | J35: =IF(AND(H35=1,F35>0),1,0) -> 0 | O35: 病人少，外送
A36: 林丽贞 | B36: FJSM001 | C36: 三明市第一医院列东院区 | D36: 腰部 | E36: =_xlfn.XLOOKUP(B36,Sheet1!A:A,Sheet1!N:N,0) -> 1 | F36: =_xlfn.XLOOKUP(B36,Sheet1!A:A,Sheet1!O:O,0) -> 0 | H36: 1 | I36: =IF(AND(G36=1,E36>0),1,0) -> 0 | J36: =IF(AND(H36=1,F36>0),1,0) -> 0
A37: 林丽贞 | B37: FJQZ052 | C37: 晋江市医院新院 | D37: 腰部 | E37: =_xlfn.XLOOKUP(B37,Sheet1!A:A,Sheet1!N:N,0) -> 0 | F37: =_xlfn.XLOOKUP(B37,Sheet1!A:A,Sheet1!O:O,0) -> 0 | G37: 1 | H37: 1 | I37: =IF(AND(G37=1,E37>0),1,0) -> 0 | J37: =IF(AND(H37=1,F37>0),1,0) -> 0 | K37: 5月 | M37: 5月 | O37: 外送
A38: 林丽贞 | B38: FJQZ132 | C38: 晋江市梅岭街道社区卫生服务中心 | D38: 腿部 | E38: =_xlfn.XLOOKUP(B38,Sheet1!A:A,Sheet1!N:N,0) -> 0 | F38: =_xlfn.XLOOKUP(B38,Sheet1!A:A,Sheet1!O:O,0) -> 0 | G38: 1 | H38: 1 | I38: =IF(AND(G38=1,E38>0),1,0) -> 0 | J38: =IF(AND(H38=1,F38>0),1,0) -> 0 | O38: 输注医院
A39: 林丽贞 | B39: FJPT048 | C39: 莆田市荔城区新度镇卫生院 | D39: 腰部 | E39: =_xlfn.XLOOKUP(B39,Sheet1!A:A,Sheet1!N:N,0) -> 0 | F39: =_xlfn.XLOOKUP(B39,Sheet1!A:A,Sheet1!O:O,0) -> 0 | G39: 1 | H39: 1 | I39: =IF(AND(G39=1,E39>0),1,0) -> 0 | J39: =IF(AND(H39=1,F39>0),1,0) -> 0 | O39: 输注医院
A40: 林丽贞 | B40: FJFZ081 | C40: 中国人民解放军联勤保障部队第九〇〇医院 | D40: 腰部 | E40: =_xlfn.XLOOKUP(B40,Sheet1!A:A,Sheet1!N:N,0) -> 1 | F40: =_xlfn.XLOOKUP(B40,Sheet1!A:A,Sheet1!O:O,0) -> 0 | H40: 1 | I40: =IF(AND(G40=1,E40>0),1,0) -> 0 | J40: =IF(AND(H40=1,F40>0),1,0) -> 0
A41: 林丽贞 | B41: FJPT015 | C41: 莆田学院附属医院老院区 | D41: 腰部 | E41: =_xlfn.XLOOKUP(B41,Sheet1!A:A,Sheet1!N:N,0) -> 0 | F41: =_xlfn.XLOOKUP(B41,Sheet1!A:A,Sheet1!O:O,0) -> 1 | G41: 1 | H41: 0 | I41: =IF(AND(G41=1,E41>0),1,0) -> 0 | J41: =IF(AND(H41=1,F41>0),1,0) -> 0
A42: 林丽贞 | B42: FJND001 | C42: 宁德师范学院附属宁德市医院蕉城院区 | D42: 腰部 | E42: =_xlfn.XLOOKUP(B42,Sheet1!A:A,Sheet1!N:N,0) -> 0 | F42: =_xlfn.XLOOKUP(B42,Sheet1!A:A,Sheet1!O:O,0) -> 0 | G42: 1 | H42: 1 | I42: =IF(AND(G42=1,E42>0),1,0) -> 0 | J42: =IF(AND(H42=1,F42>0),1,0) -> 0 | O42: 与东侨院区一样
A43: 林丽贞 | B43: FJPT014 | C43: 莆田市第一医院 | D43: 腰部 | E43: =_xlfn.XLOOKUP(B43,Sheet1!A:A,Sheet1!N:N,0) -> 2 | F43: =_xlfn.XLOOKUP(B43,Sheet1!A:A,Sheet1!O:O,0) -> 0 | H43: 1 | I43: =IF(AND(G43=1,E43>0),1,0) -> 0 | J43: =IF(AND(H43=1,F43>0),1,0) -> 0
A44: 林丽贞 | B44: FJQZ030 | C44: 石狮市总医院 | D44: 腿部 | E44: =_xlfn.XLOOKUP(B44,Sheet1!A:A,Sheet1!N:N,0) -> 0 | F44: =_xlfn.XLOOKUP(B44,Sheet1!A:A,Sheet1!O:O,0) -> 0 | G44: 1 | H44: 1 | I44: =IF(AND(G44=1,E44>0),1,0) -> 0 | J44: =IF(AND(H44=1,F44>0),1,0) -> 0 | O44: 县级医院病人少
A45: 林丽贞 | B45: 02OExrE | C45: 福州市第二总医院奥体院区 | D45: _ | E45: =_xlfn.XLOOKUP(B45,Sheet1!A:A,Sheet1!N:N,0) -> 0 | F45: =_xlfn.XLOOKUP(B45,Sheet1!A:A,Sheet1!O:O,0) -> 0 | G45: 1 | H45: 1 | I45: =IF(AND(G45=1,E45>0),1,0) -> 0 | J45: =IF(AND(H45=1,F45>0),1,0) -> 0 | O45: 输注医院
A46: 林丽贞 | B46: FJFZ008 | C46: 福建医科大学孟超肝胆医院西洪院区 | D46: _ | E46: =_xlfn.XLOOKUP(B46,Sheet1!A:A,Sheet1!N:N,0) -> 0 | F46: =_xlfn.XLOOKUP(B46,Sheet1!A:A,Sheet1!O:O,0) -> 0 | G46: 1 | H46: 1 | I46: =IF(AND(G46=1,E46>0),1,0) -> 0 | J46: =IF(AND(H46=1,F46>0),1,0) -> 0 | O46: 与金山院区一样
A47: 林丽贞 | B47: FJFZ011 | C47: 福州市第七医院 | D47: 腿部 | E47: =_xlfn.XLOOKUP(B47,Sheet1!A:A,Sheet1!N:N,0) -> 0 | F47: =_xlfn.XLOOKUP(B47,Sheet1!A:A,Sheet1!O:O,0) -> 0 | G47: 1 | H47: 1 | I47: =IF(AND(G47=1,E47>0),1,0) -> 0 | J47: =IF(AND(H47=1,F47>0),1,0) -> 0 | O47: 输注医院
A48: 林丽贞 | B48: FJFZ514 | C48: 武警福建总队机关门诊部 | D48: _ | E48: =_xlfn.XLOOKUP(B48,Sheet1!A:A,Sheet1!N:N,0) -> 0 | F48: =_xlfn.XLOOKUP(B48,Sheet1!A:A,Sheet1!O:O,0) -> 1 | G48: 1 | I48: =IF(AND(G48=1,E48>0),1,0) -> 0 | J48: =IF(AND(H48=1,F48>0),1,0) -> 0
A49: 林丽贞 | B49: FJNP029 | C49: 邵武市立医院 | D49: 腿部 | E49: =_xlfn.XLOOKUP(B49,Sheet1!A:A,Sheet1!N:N,0) -> 0 | F49: =_xlfn.XLOOKUP(B49,Sheet1!A:A,Sheet1!O:O,0) -> 0 | G49: 1 | H49: 1 | I49: =IF(AND(G49=1,E49>0),1,0) -> 0 | J49: =IF(AND(H49=1,F49>0),1,0) -> 0 | O49: 县级医院回流患者为主
A50: 林丽贞 | B50: FJNP039 | C50: 建瓯市立医院 | D50: 腿部 | E50: =_xlfn.XLOOKUP(B50,Sheet1!A:A,Sheet1!N:N,0) -> 0 | F50: =_xlfn.XLOOKUP(B50,Sheet1!A:A,Sheet1!O:O,0) -> 0 | G50: 1 | H50: 1 | I50: =IF(AND(G50=1,E50>0),1,0) -> 0 | J50: =IF(AND(H50=1,F50>0),1,0) -> 0 | O50: 县级医院回流患者为主
A51: 林丽贞 | B51: FJQZ119 | C51: 晋江市新塘街道社区卫生服务中心 | D51: _ | E51: =_xlfn.XLOOKUP(B51,Sheet1!A:A,Sheet1!N:N,0) -> 0 | F51: =_xlfn.XLOOKUP(B51,Sheet1!A:A,Sheet1!O:O,0) -> 0 | G51: 1 | H51: 1 | I51: =IF(AND(G51=1,E51>0),1,0) -> 0 | J51: =IF(AND(H51=1,F51>0),1,0) -> 0 | O51: 非目标医院
A52: 林丽贞 | B52: FJSM017 | C52: 大田县总医院 | D52: 腿部 | E52: =_xlfn.XLOOKUP(B52,Sheet1!A:A,Sheet1!N:N,0) -> 0 | F52: =_xlfn.XLOOKUP(B52,Sheet1!A:A,Sheet1!O:O,0) -> 0 | G52: 1 | H52: 1 | I52: =IF(AND(G52=1,E52>0),1,0) -> 0 | J52: =IF(AND(H52=1,F52>0),1,0) -> 0 | O52: 县级医院回流患者为主
A53: 林丽贞 | B53: FJSM020 | C53: 尤溪县总医院 | D53: 腿部 | E53: =_xlfn.XLOOKUP(B53,Sheet1!A:A,Sheet1!N:N,0) -> 0 | F53: =_xlfn.XLOOKUP(B53,Sheet1!A:A,Sheet1!O:O,0) -> 0 | G53: 1 | H53: 1 | I53: =IF(AND(G53=1,E53>0),1,0) -> 0 | J53: =IF(AND(H53=1,F53>0),1,0) -> 0 | O53: 县级医院回流患者为主
A54: 林丽贞 | B54: FJSM021 | C54: 尤溪县中医医院 | D54: 腿部 | E54: =_xlfn.XLOOKUP(B54,Sheet1!A:A,Sheet1!N:N,0) -> 0 | F54: =_xlfn.XLOOKUP(B54,Sheet1!A:A,Sheet1!O:O,0) -> 0 | G54: 1 | H54: 1 | I54: =IF(AND(G54=1,E54>0),1,0) -> 0 | J54: =IF(AND(H54=1,F54>0),1,0) -> 0 | O54: 县级医院回流患者为主
A55: 林丽贞 | B55: FJSM024 | C55: 三明市沙县区总医院 | D55: 腿部 | E55: =_xlfn.XLOOKUP(B55,Sheet1!A:A,Sheet1!N:N,0) -> 0 | F55: =_xlfn.XLOOKUP(B55,Sheet1!A:A,Sheet1!O:O,0) -> 0 | G55: 1 | H55: 1 | I55: =IF(AND(G55=1,E55>0),1,0) -> 0 | J55: =IF(AND(H55=1,F55>0),1,0) -> 0 | O55: 县级医院回流患者为主
A56: 林丽贞 | B56: FJSM030 | C56: 泰宁县总医院 | D56: 腿部 | E56: =_xlfn.XLOOKUP(B56,Sheet1!A:A,Sheet1!N:N,0) -> 0 | F56: =_xlfn.XLOOKUP(B56,Sheet1!A:A,Sheet1!O:O,0) -> 0 | G56: 1 | H56: 1 | I56: =IF(AND(G56=1,E56>0),1,0) -> 0 | J56: =IF(AND(H56=1,F56>0),1,0) -> 0 | O56: 县级医院回流患者为主
A57: 林丽贞 | B57: JSSZ184 | C57: 安溪县医院 | D57: 腿部 | E57: =_xlfn.XLOOKUP(B57,Sheet1!A:A,Sheet1!N:N,0) -> 0 | F57: =_xlfn.XLOOKUP(B57,Sheet1!A:A,Sheet1!O:O,0) -> 0 | G57: 1 | H57: 1 | I57: =IF(AND(G57=1,E57>0),1,0) -> 0 | J57: =IF(AND(H57=1,F57>0),1,0) -> 0 | K57: 4月 | M57: 4月 | O57: 外送，晚期外地带方案回来
A58: 林丽贞 | B58: JSSZ185 | C58: 南安市医院新华街院区 | D58: 腿部 | E58: =_xlfn.XLOOKUP(B58,Sheet1!A:A,Sheet1!N:N,0) -> 0 | F58: =_xlfn.XLOOKUP(B58,Sheet1!A:A,Sheet1!O:O,0) -> 0 | G58: 1 | H58: 1 | I58: =IF(AND(G58=1,E58>0),1,0) -> 0 | J58: =IF(AND(H58=1,F58>0),1,0) -> 0 | K58: 5月 | M58: 5月 | O58: 没有检测途径，预计5月突破
A59: 林丽贞 | B59: FJFZ070 | C59: 福建医科大学附属福州市第一总医院达道院区 | D59: 腿部 | E59: =_xlfn.XLOOKUP(B59,Sheet1!A:A,Sheet1!N:N,0) -> 0 | F59: =_xlfn.XLOOKUP(B59,Sheet1!A:A,Sheet1!O:O,0) -> 0 | G59: 1 | H59: 1 | I59: =IF(AND(G59=1,E59>0),1,0) -> 0 | J59: =IF(AND(H59=1,F59>0),1,0) -> 0 | K59: 4月 | M59: 4月底 | O59: 外送，病理科指定公司
A60: 林丽贞 | B60: FJNP043 | C60: 南平市第二医院 | D60: 腿部 | E60: =_xlfn.XLOOKUP(B60,Sheet1!A:A,Sheet1!N:N,0) -> 0 | F60: =_xlfn.XLOOKUP(B60,Sheet1!A:A,Sheet1!O:O,0) -> 0 | G60: 1 | H60: 1 | I60: =IF(AND(G60=1,E60>0),1,0) -> 0 | J60: =IF(AND(H60=1,F60>0),1,0) -> 0 | O60: 输注医院
A61: 林丽贞 | B61: FJFZ021 | C61: 福州市第二总医院 | D61: 腿部 | E61: =_xlfn.XLOOKUP(B61,Sheet1!A:A,Sheet1!N:N,0) -> 0 | F61: =_xlfn.XLOOKUP(B61,Sheet1!A:A,Sheet1!O:O,0) -> 0 | G61: 1 | H61: 1 | I61: =IF(AND(G61=1,E61>0),1,0) -> 0 | J61: =IF(AND(H61=1,F61>0),1,0) -> 0 | O61: 外送，病人少
A62: 林丽贞 | B62: FJSM058 | C62: 三明市中西医结合医院 | D62: 腿部 | E62: =_xlfn.XLOOKUP(B62,Sheet1!A:A,Sheet1!N:N,0) -> 0 | F62: =_xlfn.XLOOKUP(B62,Sheet1!A:A,Sheet1!O:O,0) -> 0 | G62: 1 | H62: 1 | I62: =IF(AND(G62=1,E62>0),1,0) -> 0 | J62: =IF(AND(H62=1,F62>0),1,0) -> 0 | O62: 县级医院回流患者为主
A63: 林丽贞 | B63: FJSM027 | C63: 福建省将乐县总医院 | D63: 腿部 | E63: =_xlfn.XLOOKUP(B63,Sheet1!A:A,Sheet1!N:N,0) -> 0 | F63: =_xlfn.XLOOKUP(B63,Sheet1!A:A,Sheet1!O:O,0) -> 0 | G63: 1 | H63: 1 | I63: =IF(AND(G63=1,E63>0),1,0) -> 0 | J63: =IF(AND(H63=1,F63>0),1,0) -> 0 | O63: 县级医院回流患者为主
